"lake_id","document_id","name","file","rank","uploaded_on","type","friendly_filename"
"AOL000080","311","1985 Atlas of Oregon Lakes Page","pages/238_page.pdf","1","2010-10-10 17:10:10+00:00","0",""
"17100205000491","549","1985 Atlas of Oregon Lakes Page","pages/102_page.pdf","1","2010-10-10 17:10:10+00:00","0",""
"17070306002041","337","1985 Atlas of Oregon Lakes Page","pages/239_page.pdf","1","2010-10-10 17:10:10+00:00","0",""
"17100204000796","380","1985 Atlas of Oregon Lakes Page","pages/68_page.pdf","1","2010-10-10 17:10:10+00:00","0",""
"17060104001358","401","1985 Atlas of Oregon Lakes Page","pages/240_page.pdf","1","2010-10-10 17:10:10+00:00","0",""
"17090005012350","125","1985 Atlas of Oregon Lakes Page","pages/241_page.pdf","1","2010-10-10 17:10:10+00:00","0",""
"17050118002409","229","1985 Atlas of Oregon Lakes Page","pages/162_page.pdf","1","2010-10-10 17:10:10+00:00","0",""
"17100301001023","146","1985 Atlas of Oregon Lakes Page","pages/70_page.pdf","1","2010-10-10 17:10:10+00:00","0",""
"17090011005288","416","1985 Atlas of Oregon Lakes Page","pages/242_page.pdf","1","2010-10-10 17:10:10+00:00","0",""
"17100304000655","20","1985 Atlas of Oregon Lakes Page","pages/243_page.pdf","1","2010-10-10 17:10:10+00:00","0",""
"18010204002338","489","1985 Atlas of Oregon Lakes Page","pages/163_page.pdf","1","2010-10-10 17:10:10+00:00","0",""
"17100206000581","78","1985 Atlas of Oregon Lakes Page","pages/104_page.pdf","1","2010-10-10 17:10:10+00:00","0",""
"17070301000908","87","1985 Atlas of Oregon Lakes Page","pages/244_page.pdf","1","2010-10-10 17:10:10+00:00","0",""
"18010202003345","423","1985 Atlas of Oregon Lakes Page","pages/245_page.pdf","1","2010-10-10 17:10:10+00:00","0",""
"17100203010428","216","1985 Atlas of Oregon Lakes Page","pages/164_page.pdf","1","2010-10-10 17:10:10+00:00","0",""
"17070301000906","279","1985 Atlas of Oregon Lakes Page","pages/165_page.pdf","1","2010-10-10 17:10:10+00:00","0",""
"17070305009769","512","1985 Atlas of Oregon Lakes Page","pages/246_page.pdf","1","2010-10-10 17:10:10+00:00","0",""
"17100204005506","203","1985 Atlas of Oregon Lakes Page","pages/247_page.pdf","1","2010-10-10 17:10:10+00:00","0",""
"17070301000918","334","1985 Atlas of Oregon Lakes Page","pages/106_page.pdf","1","2010-10-10 17:10:10+00:00","0",""
"17070202005406","442","1985 Atlas of Oregon Lakes Page","pages/248_page.pdf","1","2010-10-10 17:10:10+00:00","0",""
"17120004002775","345","1985 Atlas of Oregon Lakes Page","pages/166_page.pdf","1","2010-10-10 17:10:10+00:00","0",""
"17090005000768","293","1985 Atlas of Oregon Lakes Page","pages/249_page.pdf","1","2010-10-10 17:10:10+00:00","0",""
"17070301004153","322","1985 Atlas of Oregon Lakes Page","pages/44_page.pdf","1","2010-10-10 17:10:10+00:00","0",""
"17070202001525","397","1985 Atlas of Oregon Lakes Page","pages/250_page.pdf","1","2010-10-10 17:10:10+00:00","0",""
"17070302000350","113","1985 Atlas of Oregon Lakes Page","pages/72_page.pdf","1","2010-10-10 17:10:10+00:00","0",""
"17070306010954","234","1985 Atlas of Oregon Lakes Page","pages/251_page.pdf","1","2010-10-10 17:10:10+00:00","0",""
"17100304000652","328","1985 Atlas of Oregon Lakes Page","pages/167_page.pdf","1","2010-10-10 17:10:10+00:00","0",""
"17100301005061","123","1985 Atlas of Oregon Lakes Page","pages/252_page.pdf","1","2010-10-10 17:10:10+00:00","0",""
"17090004007099","99","1985 Atlas of Oregon Lakes Page","pages/168_page.pdf","1","2010-10-10 17:10:10+00:00","0",""
"AOL000086","307","1985 Atlas of Oregon Lakes Page","pages/253_page.pdf","1","2010-10-10 17:10:10+00:00","0",""
"17070306002036","451","1985 Atlas of Oregon Lakes Page","pages/108_page.pdf","1","2010-10-10 17:10:10+00:00","0",""
"17090012000369","313","1985 Atlas of Oregon Lakes Page","pages/110_page.pdf","1","2010-10-10 17:10:10+00:00","0",""
"17120008004578","151","1985 Atlas of Oregon Lakes Page","pages/254_page.pdf","1","2010-10-10 17:10:10+00:00","0",""
"17070306002028","76","1985 Atlas of Oregon Lakes Page","pages/169_page.pdf","1","2010-10-10 17:10:10+00:00","0",""
"17070306010961","366","1985 Atlas of Oregon Lakes Page","pages/255_page.pdf","1","2010-10-10 17:10:10+00:00","0",""
"17080001017591","109","1985 Atlas of Oregon Lakes Page","pages/256_page.pdf","1","2010-10-10 17:10:10+00:00","0",""
"17100307007018","10","1985 Atlas of Oregon Lakes Page","pages/290_page.pdf","1","2010-10-10 17:10:10+00:00","0",""
"18010204002588","34","1985 Atlas of Oregon Lakes Page","pages/291_page.pdf","1","2010-10-10 17:10:10+00:00","0",""
"18020001001198","163","1985 Atlas of Oregon Lakes Page","pages/186_page.pdf","1","2010-10-10 17:10:10+00:00","0",""
"17070301000874","282","1985 Atlas of Oregon Lakes Page","pages/292_page.pdf","1","2010-10-10 17:10:10+00:00","0",""
"17100205005558","407","1985 Atlas of Oregon Lakes Page","pages/126_page.pdf","1","2010-10-10 17:10:10+00:00","0",""
"17050203006039","438","1985 Atlas of Oregon Lakes Page","pages/293_page.pdf","1","2010-10-10 17:10:10+00:00","0",""
"17090002003709","411","1985 Atlas of Oregon Lakes Page","pages/187_page.pdf","1","2010-10-10 17:10:10+00:00","0",""
"17070301000865","63","1985 Atlas of Oregon Lakes Page","pages/188_page.pdf","1","2010-10-10 17:10:10+00:00","0",""
"17100207000084","495","1985 Atlas of Oregon Lakes Page","pages/128_page.pdf","1","2010-10-10 17:10:10+00:00","0",""
"18020001001188","542","1985 Atlas of Oregon Lakes Page","pages/189_page.pdf","1","2010-10-10 17:10:10+00:00","0",""
"17070302000357","198","1985 Atlas of Oregon Lakes Page","pages/58_page.pdf","1","2010-10-10 17:10:10+00:00","0",""
"17100306000373","436","1985 Atlas of Oregon Lakes Page","pages/80_page.pdf","1","2010-10-10 17:10:10+00:00","0",""
"17100205005490","544","1985 Atlas of Oregon Lakes Page","pages/190_page.pdf","1","2010-10-10 17:10:10+00:00","0",""
"17100304000654","9","1985 Atlas of Oregon Lakes Page","pages/191_page.pdf","1","2010-10-10 17:10:10+00:00","0",""
"17100304000657","91","1985 Atlas of Oregon Lakes Page","pages/130_page.pdf","1","2010-10-10 17:10:10+00:00","0",""
"17090011000882","470","1985 Atlas of Oregon Lakes Page","pages/192_page.pdf","1","2010-10-10 17:10:10+00:00","0",""
"18020001001236","381","1985 Atlas of Oregon Lakes Page","pages/82_page.pdf","1","2010-10-10 17:10:10+00:00","0",""
"17090011000850","507","1985 Atlas of Oregon Lakes Page","pages/132_page.pdf","1","2010-10-10 17:10:10+00:00","0",""
"17090001001050","16","1985 Atlas of Oregon Lakes Page","pages/193_page.pdf","1","2010-10-10 17:10:10+00:00","0",""
"17080001017626","358","1985 Atlas of Oregon Lakes Page","pages/48_page.pdf","1","2010-10-10 17:10:10+00:00","0",""
"17050201000977","477","1985 Atlas of Oregon Lakes Page","pages/194_page.pdf","1","2010-10-10 17:10:10+00:00","0",""
"17100206000577","220","1985 Atlas of Oregon Lakes Page","pages/134_page.pdf","1","2010-10-10 17:10:10+00:00","0",""
"17100302001314","546","1985 Atlas of Oregon Lakes Page","pages/195_page.pdf","1","2010-10-10 17:10:10+00:00","0",""
"","449","1985 Atlas of Oregon Lakes Page","pages/1_page.pdf","1","2010-10-10 17:10:10+00:00","0",""
"17120003000620","320","1985 Atlas of Oregon Lakes Page","pages/196_page.pdf","1","2010-10-10 17:10:10+00:00","0",""
"17100307001170","469","1985 Atlas of Oregon Lakes Page","pages/197_page.pdf","1","2010-10-10 17:10:10+00:00","0",""
"18010203003572","536","1985 Atlas of Oregon Lakes Page","pages/136_page.pdf","1","2010-10-10 17:10:10+00:00","0",""
"17100306000371","206","1985 Atlas of Oregon Lakes Page","pages/198_page.pdf","1","2010-10-10 17:10:10+00:00","0",""
"17090010004615","552","1985 Atlas of Oregon Lakes Page","pages/84_page.pdf","1","2010-10-10 17:10:10+00:00","0",""
"17090001020920","462","1985 Atlas of Oregon Lakes Page","pages/138_page.pdf","1","2010-10-10 17:10:10+00:00","0",""
"17090006008516","288","1985 Atlas of Oregon Lakes Page","pages/199_page.pdf","1","2010-10-10 17:10:10+00:00","0",""
"18010203000427","194","1985 Atlas of Oregon Lakes Page","pages/200_page.pdf","1","2010-10-10 17:10:10+00:00","0",""
"18010204002255","399","1985 Atlas of Oregon Lakes Page","pages/201_page.pdf","1","2010-10-10 17:10:10+00:00","0",""
"17060105000741","303","1985 Atlas of Oregon Lakes Page","pages/140_page.pdf","1","2010-10-10 17:10:10+00:00","0",""
"17090001005308","175","1985 Atlas of Oregon Lakes Page","pages/86_page.pdf","1","2010-10-10 17:10:10+00:00","0",""
"17060105000776","192","1985 Atlas of Oregon Lakes Page","pages/202_page.pdf","1","2010-10-10 17:10:10+00:00","0",""
"17090001001110","119","1985 Atlas of Oregon Lakes Page","pages/203_page.pdf","1","2010-10-10 17:10:10+00:00","0",""
"17080006006735","150","1985 Atlas of Oregon Lakes Page","pages/60_page.pdf","1","2010-10-10 17:10:10+00:00","0",""
"17090006008631","296","1985 Atlas of Oregon Lakes Page","pages/204_page.pdf","1","2010-10-10 17:10:10+00:00","0",""
"17070301000907","382","1985 Atlas of Oregon Lakes Page","pages/142_page.pdf","1","2010-10-10 17:10:10+00:00","0",""
"17120001004352","513","1985 Atlas of Oregon Lakes Page","pages/205_page.pdf","1","2010-10-10 17:10:10+00:00","0",""
"18010203000446","314","1985 Atlas of Oregon Lakes Page","pages/206_page.pdf","1","2010-10-10 17:10:10+00:00","0",""
"17100207000081","251","1985 Atlas of Oregon Lakes Page","pages/144_page.pdf","1","2010-10-10 17:10:10+00:00","0",""
"17120007341479","389","1985 Atlas of Oregon Lakes Page","pages/207_page.pdf","1","2010-10-10 17:10:10+00:00","0",""
"18010206001019","347","1985 Atlas of Oregon Lakes Page","pages/88_page.pdf","1","2010-10-10 17:10:10+00:00","0",""
"17100307007004","244","1985 Atlas of Oregon Lakes Page","pages/146_page.pdf","1","2010-10-10 17:10:10+00:00","0",""
"17070306012045","118","1985 Atlas of Oregon Lakes Page","pages/208_page.pdf","1","2010-10-10 17:10:10+00:00","0",""
"17070301000888","361","1985 Atlas of Oregon Lakes Page","pages/62_page.pdf","1","2010-10-10 17:10:10+00:00","0",""
"18010203000410","317","1985 Atlas of Oregon Lakes Page","pages/209_page.pdf","1","2010-10-10 17:10:10+00:00","0",""
"17100304006481","186","1985 Atlas of Oregon Lakes Page","pages/210_page.pdf","1","2010-10-10 17:10:10+00:00","0",""
"18010203003571","504","1985 Atlas of Oregon Lakes Page","pages/147_page.pdf","1","2010-10-10 17:10:10+00:00","0",""
"17070301000863","429","1985 Atlas of Oregon Lakes Page","pages/211_page.pdf","1","2010-10-10 17:10:10+00:00","0",""
"18010201000427","167","1985 Atlas of Oregon Lakes Page","pages/56_page.pdf","1","2010-10-10 17:10:10+00:00","0","sdfg"
"18010206001001","434","1985 Atlas of Oregon Lakes Page","pages/212_page.pdf","1","2010-10-10 17:10:10+00:00","0",""
"17070304003841","301","1985 Atlas of Oregon Lakes Page","pages/148_page.pdf","1","2010-10-10 17:10:10+00:00","0",""
"17100307001161","344","1985 Atlas of Oregon Lakes Page","pages/213_page.pdf","1","2010-10-10 17:10:10+00:00","0",""
"18010206004263","45","1985 Atlas of Oregon Lakes Page","pages/214_page.pdf","1","2010-10-10 17:10:10+00:00","0",""
"17050108001505","511","1985 Atlas of Oregon Lakes Page","pages/149_page.pdf","1","2010-10-10 17:10:10+00:00","0",""
"17060104001351","228","1985 Atlas of Oregon Lakes Page","pages/215_page.pdf","1","2010-10-10 17:10:10+00:00","0",""
"18010203003546","516","1985 Atlas of Oregon Lakes Page","pages/90_page.pdf","1","2010-10-10 17:10:10+00:00","0",""
"17060104001352","81","1985 Atlas of Oregon Lakes Page","pages/216_page.pdf","1","2010-10-10 17:10:10+00:00","0",""
"17050203001854","475","1985 Atlas of Oregon Lakes Page","pages/150_page.pdf","1","2010-10-10 17:10:10+00:00","0",""
"17070105019446","524","1985 Atlas of Oregon Lakes Page","pages/217_page.pdf","1","2010-10-10 17:10:10+00:00","0",""
"17100307006266","64","1985 Atlas of Oregon Lakes Page","pages/92_page.pdf","1","2010-10-10 17:10:10+00:00","0",""
"17100309003967","159","1985 Atlas of Oregon Lakes Page","pages/151_page.pdf","1","2010-10-10 17:10:10+00:00","0",""
"17070301000866","326","1985 Atlas of Oregon Lakes Page","pages/218_page.pdf","1","2010-10-10 17:10:10+00:00","0",""
"17100301001010","160","1985 Atlas of Oregon Lakes Page","pages/219_page.pdf","1","2010-10-10 17:10:10+00:00","0",""
"17070306002015","249","1985 Atlas of Oregon Lakes Page","pages/152_page.pdf","1","2010-10-10 17:10:10+00:00","0",""
"17090004021354","482","1985 Atlas of Oregon Lakes Page","pages/220_page.pdf","1","2010-10-10 17:10:10+00:00","0",""
"17070301000914","483","1985 Atlas of Oregon Lakes Page","pages/64_page.pdf","1","2010-10-10 17:10:10+00:00","0",""
"17070301000900","137","1985 Atlas of Oregon Lakes Page","pages/221_page.pdf","1","2010-10-10 17:10:10+00:00","0",""
"17050203006368","221","1985 Atlas of Oregon Lakes Page","pages/153_page.pdf","1","2010-10-10 17:10:10+00:00","0",""
"17070105019287","356","1985 Atlas of Oregon Lakes Page","pages/94_page.pdf","1","2010-10-10 17:10:10+00:00","0",""
"17070301000867","384","1985 Atlas of Oregon Lakes Page","pages/222_page.pdf","1","2010-10-10 17:10:10+00:00","0",""
"17090001001052","166","1985 Atlas of Oregon Lakes Page","pages/223_page.pdf","1","2010-10-10 17:10:10+00:00","0",""
"17100304000663","377","1985 Atlas of Oregon Lakes Page","pages/154_page.pdf","1","2010-10-10 17:10:10+00:00","0",""
"17100303001115","336","1985 Atlas of Oregon Lakes Page","pages/224_page.pdf","1","2010-10-10 17:10:10+00:00","0",""
"17090012006624","62","1985 Atlas of Oregon Lakes Page","pages/50_page.pdf","1","2010-10-10 17:10:10+00:00","0",""
"17090004001064","69","1985 Atlas of Oregon Lakes Page","pages/225_page.pdf","1","2010-10-10 17:10:10+00:00","0",""
"18010204002206","215","1985 Atlas of Oregon Lakes Page","pages/226_page.pdf","1","2010-10-10 17:10:10+00:00","0",""
"17090004001067","479","1985 Atlas of Oregon Lakes Page","pages/155_page.pdf","1","2010-10-10 17:10:10+00:00","0",""
"17090005012370","368","1985 Atlas of Oregon Lakes Page","pages/66_page.pdf","1","2010-10-10 17:10:10+00:00","0",""
"17090001001076","269","1985 Atlas of Oregon Lakes Page","pages/227_page.pdf","1","2010-10-10 17:10:10+00:00","0",""
"17120001004500","217","1985 Atlas of Oregon Lakes Page","pages/96_page.pdf","1","2010-10-10 17:10:10+00:00","0",""
"17090001001057","57","1985 Atlas of Oregon Lakes Page","pages/228_page.pdf","1","2010-10-10 17:10:10+00:00","0",""
"17070301000835","185","1985 Atlas of Oregon Lakes Page","pages/156_page.pdf","1","2010-10-10 17:10:10+00:00","0",""
"17100203000738","230","1985 Atlas of Oregon Lakes Page","pages/229_page.pdf","1","2010-10-10 17:10:10+00:00","0",""
"17090004007112","241","1985 Atlas of Oregon Lakes Page","pages/157_page.pdf","1","2010-10-10 17:10:10+00:00","0",""
"17070201001692","370","1985 Atlas of Oregon Lakes Page","pages/230_page.pdf","1","2010-10-10 17:10:10+00:00","0",""
"17050119001844","200","1985 Atlas of Oregon Lakes Page","pages/231_page.pdf","1","2010-10-10 17:10:10+00:00","0",""
"17120006001102","396","1985 Atlas of Oregon Lakes Page","pages/40_page.pdf","1","2010-10-10 17:10:10+00:00","0",""
"17090005000775","88","1985 Atlas of Oregon Lakes Page","pages/98_page.pdf","1","2010-10-10 17:10:10+00:00","0",""
"17120009001467","339","1985 Atlas of Oregon Lakes Page","pages/232_page.pdf","1","2010-10-10 17:10:10+00:00","0",""
"17070301000913","343","1985 Atlas of Oregon Lakes Page","pages/158_page.pdf","1","2010-10-10 17:10:10+00:00","0",""
"17070301005181","388","1985 Atlas of Oregon Lakes Page","pages/233_page.pdf","1","2010-10-10 17:10:10+00:00","0",""
"18010201000426","333","1985 Atlas of Oregon Lakes Page","pages/234_page.pdf","1","2010-10-10 17:10:10+00:00","0",""
"17090005000753","464","1985 Atlas of Oregon Lakes Page","pages/159_page.pdf","1","2010-10-10 17:10:10+00:00","0",""
"17100206000579","25","1985 Atlas of Oregon Lakes Page","pages/52_page.pdf","1","2010-10-10 17:10:10+00:00","0",""
"17060105000771","283","1985 Atlas of Oregon Lakes Page","pages/235_page.pdf","1","2010-10-10 17:10:10+00:00","0",""
"17090004001133","267","1985 Atlas of Oregon Lakes Page","pages/236_page.pdf","1","2010-10-10 17:10:10+00:00","0",""
"17070103004024","265","1985 Atlas of Oregon Lakes Page","pages/100_page.pdf","1","2010-10-10 17:10:10+00:00","0",""
"17060105000773","435","1985 Atlas of Oregon Lakes Page","pages/237_page.pdf","1","2010-10-10 17:10:10+00:00","0",""
"17080001017566","526","1985 Atlas of Oregon Lakes Page","pages/160_page.pdf","1","2010-10-10 17:10:10+00:00","0",""
"17080001017571","258","1985 Atlas of Oregon Lakes Page","pages/161_page.pdf","1","2010-10-10 17:10:10+00:00","0",""
"18010204002282","22","1985 Atlas of Oregon Lakes Page","pages/257_page.pdf","1","2010-10-10 17:10:10+00:00","0",""
"17100304000659","533","1985 Atlas of Oregon Lakes Page","pages/258_page.pdf","1","2010-10-10 17:10:10+00:00","0",""
"17100207000080","280","1985 Atlas of Oregon Lakes Page","pages/170_page.pdf","1","2010-10-10 17:10:10+00:00","0",""
"17090004006177","531","1985 Atlas of Oregon Lakes Page","pages/259_page.pdf","1","2010-10-10 17:10:10+00:00","0",""
"17080006006562","266","1985 Atlas of Oregon Lakes Page","pages/171_page.pdf","1","2010-10-10 17:10:10+00:00","0",""
"17100311011257","68","1985 Atlas of Oregon Lakes Page","pages/260_page.pdf","1","2010-10-10 17:10:10+00:00","0",""
"17070301000862","51","1985 Atlas of Oregon Lakes Page","pages/74_page.pdf","1","2010-10-10 17:10:10+00:00","0",""
"17070103003760","452","1985 Atlas of Oregon Lakes Page","pages/172_page.pdf","1","2010-10-10 17:10:10+00:00","0",""
"17070306011851","11","1985 Atlas of Oregon Lakes Page","pages/261_page.pdf","1","2010-10-10 17:10:10+00:00","0",""
"17050110002049","237","1985 Atlas of Oregon Lakes Page","pages/112_page.pdf","1","2010-10-10 17:10:10+00:00","0",""
"17080006006591","529","1985 Atlas of Oregon Lakes Page","pages/262_page.pdf","1","2010-10-10 17:10:10+00:00","0",""
"17050116004636","71","1985 Atlas of Oregon Lakes Page","pages/42_page.pdf","1","2010-10-10 17:10:10+00:00","0",""
"17090004007103","428","1985 Atlas of Oregon Lakes Page","pages/263_page.pdf","1","2010-10-10 17:10:10+00:00","0",""
"17070301000912","89","1985 Atlas of Oregon Lakes Page","pages/264_page.pdf","1","2010-10-10 17:10:10+00:00","0",""
"17100206000578","433","1985 Atlas of Oregon Lakes Page","pages/173_page.pdf","1","2010-10-10 17:10:10+00:00","0",""
"17070301005459","327","1985 Atlas of Oregon Lakes Page","pages/265_page.pdf","1","2010-10-10 17:10:10+00:00","0",""
"18010204002235","104","1985 Atlas of Oregon Lakes Page","pages/266_page.pdf","1","2010-10-10 17:10:10+00:00","0",""
"17100301005078","204","1985 Atlas of Oregon Lakes Page","pages/174_page.pdf","1","2010-10-10 17:10:10+00:00","0",""
"17070302000352","268","1985 Atlas of Oregon Lakes Page","pages/114_page.pdf","1","2010-10-10 17:10:10+00:00","0",""
"17100309000673","53","1985 Atlas of Oregon Lakes Page","pages/267_page.pdf","1","2010-10-10 17:10:10+00:00","0",""
"17070201001696","487","1985 Atlas of Oregon Lakes Page","pages/268_page.pdf","1","2010-10-10 17:10:10+00:00","0",""
"17090002003761","519","1985 Atlas of Oregon Lakes Page","pages/175_page.pdf","1","2010-10-10 17:10:10+00:00","0",""
"17050203006928","153","1985 Atlas of Oregon Lakes Page","pages/116_page.pdf","1","2010-10-10 17:10:10+00:00","0",""
"18010204002341","310","1985 Atlas of Oregon Lakes Page","pages/269_page.pdf","1","2010-10-10 17:10:10+00:00","0",""
"18020001001157","178","1985 Atlas of Oregon Lakes Page","pages/176_page.pdf","1","2010-10-10 17:10:10+00:00","0",""
"17120005004769","147","1985 Atlas of Oregon Lakes Page","pages/270_page.pdf","1","2010-10-10 17:10:10+00:00","0",""
"17070302001212","329","1985 Atlas of Oregon Lakes Page","pages/271_page.pdf","1","2010-10-10 17:10:10+00:00","0",""
"17100308006269","181","1985 Atlas of Oregon Lakes Page","pages/76_page.pdf","1","2010-10-10 17:10:10+00:00","0",""
"17100201000712","432","1985 Atlas of Oregon Lakes Page","pages/272_page.pdf","1","2010-10-10 17:10:10+00:00","0",""
"17050116008513","19","1985 Atlas of Oregon Lakes Page","pages/177_page.pdf","1","2010-10-10 17:10:10+00:00","0",""
"17050203006118","74","1985 Atlas of Oregon Lakes Page","pages/273_page.pdf","1","2010-10-10 17:10:10+00:00","0",""
"17120005001399","209","1985 Atlas of Oregon Lakes Page","pages/274_page.pdf","1","2010-10-10 17:10:10+00:00","0",""
"17090004007144","446","1985 Atlas of Oregon Lakes Page","pages/178_page.pdf","1","2010-10-10 17:10:10+00:00","0",""
"17070301000895","117","1985 Atlas of Oregon Lakes Page","pages/54_page.pdf","1","2010-10-10 17:10:10+00:00","0",""
"17070301000853","354","1985 Atlas of Oregon Lakes Page","pages/275_page.pdf","1","2010-10-10 17:10:10+00:00","0",""
"17100207011137","41","1985 Atlas of Oregon Lakes Page","pages/276_page.pdf","1","2010-10-10 17:10:10+00:00","0",""
"17070304003611","374","1985 Atlas of Oregon Lakes Page","pages/118_page.pdf","1","2010-10-10 17:10:10+00:00","0",""
"17070301000856","156","1985 Atlas of Oregon Lakes Page","pages/277_page.pdf","1","2010-10-10 17:10:10+00:00","0",""
"17100306000356","149","1985 Atlas of Oregon Lakes Page","pages/179_page.pdf","1","2010-10-10 17:10:10+00:00","0",""
"17100301005580","227","1985 Atlas of Oregon Lakes Page","pages/278_page.pdf","1","2010-10-10 17:10:10+00:00","0",""
"17090001001071","70","1985 Atlas of Oregon Lakes Page","pages/279_page.pdf","1","2010-10-10 17:10:10+00:00","0",""
"17120007341605","430","1985 Atlas of Oregon Lakes Page","pages/180_page.pdf","1","2010-10-10 17:10:10+00:00","0",""
"17070301000892","4","1985 Atlas of Oregon Lakes Page","pages/181_page.pdf","1","2010-10-10 17:10:10+00:00","0",""
"17090004007106","491","1985 Atlas of Oregon Lakes Page","pages/280_page.pdf","1","2010-10-10 17:10:10+00:00","0",""
"17100207000082","26","1985 Atlas of Oregon Lakes Page","pages/120_page.pdf","1","2010-10-10 17:10:10+00:00","0",""
"17080001017715","168","1985 Atlas of Oregon Lakes Page","pages/281_page.pdf","1","2010-10-10 17:10:10+00:00","0",""
"17090012000320","360","1985 Atlas of Oregon Lakes Page","pages/122_page.pdf","1","2010-10-10 17:10:10+00:00","0",""
"17050202004614","271","1985 Atlas of Oregon Lakes Page","pages/282_page.pdf","1","2010-10-10 17:10:10+00:00","0",""
"17050108001493","378","1985 Atlas of Oregon Lakes Page","pages/283_page.pdf","1","2010-10-10 17:10:10+00:00","0",""
"17120004001271","103","1985 Atlas of Oregon Lakes Page","pages/182_page.pdf","1","2010-10-10 17:10:10+00:00","0",""
"17090003017645","348","1985 Atlas of Oregon Lakes Page","pages/78_page.pdf","1","2010-10-10 17:10:10+00:00","0",""
"17070301005246","459","1985 Atlas of Oregon Lakes Page","pages/284_page.pdf","1","2010-10-10 17:10:10+00:00","0",""
"18010202001163","252","1985 Atlas of Oregon Lakes Page","pages/183_page.pdf","1","2010-10-10 17:10:10+00:00","0",""
"17100204000797","342","1985 Atlas of Oregon Lakes Page","pages/285_page.pdf","1","2010-10-10 17:10:10+00:00","0",""
"17100202004833","548","1985 Atlas of Oregon Lakes Page","pages/286_page.pdf","1","2010-10-10 17:10:10+00:00","0",""
"17060105000756","555","Foo","pages/8_1.csv","1","2014-01-29 22:21:57.440140+00:00","0",""
"17070301005429","304","1985 Atlas of Oregon Lakes Page","pages/184_page.pdf","1","2010-10-10 17:10:10+00:00","0",""
"17070105019093","478","1985 Atlas of Oregon Lakes Page","pages/287_page.pdf","1","2010-10-10 17:10:10+00:00","0",""
"17070301000834","208","1985 Atlas of Oregon Lakes Page","pages/124_page.pdf","1","2010-10-10 17:10:10+00:00","0",""
"17070305000758","425","1985 Atlas of Oregon Lakes Page","pages/288_page.pdf","1","2010-10-10 17:10:10+00:00","0",""
"17050116004933","100","1985 Atlas of Oregon Lakes Page","pages/289_page.pdf","1","2010-10-10 17:10:10+00:00","0",""
"17090001001051","340","1985 Atlas of Oregon Lakes Page","pages/185_page.pdf","1","2010-10-10 17:10:10+00:00","0",""
"17090012000361","499","1985 Atlas of Oregon Lakes Page","pages/46_page.pdf","1","2010-10-10 17:10:10+00:00","0",""
"17090004001133","445","Printable Lake Map","pages/236_map.pdf","2","2010-10-10 17:10:10+00:00","1",""
"17120009001467","332","Printable Lake Map","pages/232_map.pdf","2","2010-10-10 17:10:10+00:00","1",""
"17100307007018","84","Printable Lake Map","pages/290_map.pdf","2","2010-10-10 17:10:10+00:00","1",""
"","2","Printable Lake Map","pages/1_map.pdf","2","2010-10-10 17:10:10+00:00","1",""
"17050116004636","195","Printable Lake Map","pages/42_map.pdf","2","2010-10-10 17:10:10+00:00","1",""
"17070301000895","362","Printable Lake Map","pages/54_map.pdf","2","2010-10-10 17:10:10+00:00","1",""
"17070302000357","225","Printable Lake Map","pages/58_map.pdf","2","2010-10-10 17:10:10+00:00","1",""
"17080006006735","13","Printable Lake Map","pages/60_map.pdf","2","2010-10-10 17:10:10+00:00","1",""
"17070301000888","261","Printable Lake Map","pages/62_map.pdf","2","2010-10-10 17:10:10+00:00","1",""
"17070301000914","492","Printable Lake Map","pages/64_map.pdf","2","2010-10-10 17:10:10+00:00","1",""
"17090005012370","114","Printable Lake Map","pages/66_map.pdf","2","2010-10-10 17:10:10+00:00","1",""
"17100301001023","315","Printable Lake Map","pages/70_map.pdf","2","2010-10-10 17:10:10+00:00","1",""
"17070302000350","129","Printable Lake Map","pages/72_map.pdf","2","2010-10-10 17:10:10+00:00","1",""
"17070201001692","224","Printable Lake Map","pages/230_map.pdf","2","2010-10-10 17:10:10+00:00","1",""
"17100308006269","40","Printable Lake Map","pages/76_map.pdf","2","2010-10-10 17:10:10+00:00","1",""
"17090010004615","321","Printable Lake Map","pages/84_map.pdf","2","2010-10-10 17:10:10+00:00","1",""
"17100307006266","346","Printable Lake Map","pages/92_map.pdf","2","2010-10-10 17:10:10+00:00","1",""
"17090005000775","36","Printable Lake Map","pages/98_map.pdf","2","2010-10-10 17:10:10+00:00","1",""
"17100203000738","289","Printable Lake Map","pages/229_map.pdf","2","2010-10-10 17:10:10+00:00","1",""
"17060105000771","453","Printable Lake Map","pages/235_map.pdf","2","2010-10-10 17:10:10+00:00","1",""
"17070103004024","465","Printable Lake Map","pages/100_map.pdf","2","2010-10-10 17:10:10+00:00","1",""
"17090001001057","115","Printable Lake Map","pages/228_map.pdf","2","2010-10-10 17:10:10+00:00","1",""
"17070301000918","540","Printable Lake Map","pages/106_map.pdf","2","2010-10-10 17:10:10+00:00","1",""
"17070306002036","96","Printable Lake Map","pages/108_map.pdf","2","2010-10-10 17:10:10+00:00","1",""
"17070302000352","39","Printable Lake Map","pages/114_map.pdf","2","2010-10-10 17:10:10+00:00","1",""
"17050203006928","165","Printable Lake Map","pages/116_map.pdf","2","2010-10-10 17:10:10+00:00","1",""
"17070301000834","472","Printable Lake Map","pages/124_map.pdf","2","2010-10-10 17:10:10+00:00","1",""
"17100205005558","408","Printable Lake Map","pages/126_map.pdf","2","2010-10-10 17:10:10+00:00","1",""
"17090001001076","257","Printable Lake Map","pages/227_map.pdf","2","2010-10-10 17:10:10+00:00","1",""
"17100207000084","364","Printable Lake Map","pages/128_map.pdf","2","2010-10-10 17:10:10+00:00","1",""
"17100304000657","184","Printable Lake Map","pages/130_map.pdf","2","2010-10-10 17:10:10+00:00","1",""
"17100206000577","431","Printable Lake Map","pages/134_map.pdf","2","2010-10-10 17:10:10+00:00","1",""
"17090001020920","173","Printable Lake Map","pages/138_map.pdf","2","2010-10-10 17:10:10+00:00","1",""
"17060105000741","191","Printable Lake Map","pages/140_map.pdf","2","2010-10-10 17:10:10+00:00","1",""
"17060104001358","503","Printable Lake Map","pages/240_map.pdf","2","2010-10-10 17:10:10+00:00","1",""
"17100207000081","532","Printable Lake Map","pages/144_map.pdf","2","2010-10-10 17:10:10+00:00","1",""
"17100307007004","295","Printable Lake Map","pages/146_map.pdf","2","2010-10-10 17:10:10+00:00","1",""
"17070304003841","518","Printable Lake Map","pages/148_map.pdf","2","2010-10-10 17:10:10+00:00","1",""
"17050108001505","15","Printable Lake Map","pages/149_map.pdf","2","2010-10-10 17:10:10+00:00","1",""
"17050203001854","456","Printable Lake Map","pages/150_map.pdf","2","2010-10-10 17:10:10+00:00","1",""
"17070306002015","247","Printable Lake Map","pages/152_map.pdf","2","2010-10-10 17:10:10+00:00","1",""
"17050203006368","260","Printable Lake Map","pages/153_map.pdf","2","2010-10-10 17:10:10+00:00","1",""
"17090004001067","383","Printable Lake Map","pages/155_map.pdf","2","2010-10-10 17:10:10+00:00","1",""
"17070301000835","522","Printable Lake Map","pages/156_map.pdf","2","2010-10-10 17:10:10+00:00","1",""
"17090004007112","325","Printable Lake Map","pages/157_map.pdf","2","2010-10-10 17:10:10+00:00","1",""
"17070301000913","213","Printable Lake Map","pages/158_map.pdf","2","2010-10-10 17:10:10+00:00","1",""
"17090005000753","205","Printable Lake Map","pages/159_map.pdf","2","2010-10-10 17:10:10+00:00","1",""
"17050118002409","457","Printable Lake Map","pages/162_map.pdf","2","2010-10-10 17:10:10+00:00","1",""
"17050116004933","108","Printable Lake Map","pages/289_map.pdf","2","2010-10-10 17:10:10+00:00","1",""
"17090004001064","376","Printable Lake Map","pages/225_map.pdf","2","2010-10-10 17:10:10+00:00","1",""
"18010204002338","263","Printable Lake Map","pages/163_map.pdf","2","2010-10-10 17:10:10+00:00","1",""
"17070301000906","419","Printable Lake Map","pages/165_map.pdf","2","2010-10-10 17:10:10+00:00","1",""
"17120004002775","133","Printable Lake Map","pages/166_map.pdf","2","2010-10-10 17:10:10+00:00","1",""
"17100304000652","484","Printable Lake Map","pages/167_map.pdf","2","2010-10-10 17:10:10+00:00","1",""
"17100207000080","79","Printable Lake Map","pages/170_map.pdf","2","2010-10-10 17:10:10+00:00","1",""
"17100301005078","177","Printable Lake Map","pages/174_map.pdf","2","2010-10-10 17:10:10+00:00","1",""
"18020001001157","309","Printable Lake Map","pages/176_map.pdf","2","2010-10-10 17:10:10+00:00","1",""
"17090004007144","12","Printable Lake Map","pages/178_map.pdf","2","2010-10-10 17:10:10+00:00","1",""
"17100306000356","392","Printable Lake Map","pages/179_map.pdf","2","2010-10-10 17:10:10+00:00","1",""
"17070301000892","202","Printable Lake Map","pages/181_map.pdf","2","2010-10-10 17:10:10+00:00","1",""
"17120004001271","523","Printable Lake Map","pages/182_map.pdf","2","2010-10-10 17:10:10+00:00","1",""
"18010202001163","47","Printable Lake Map","pages/183_map.pdf","2","2010-10-10 17:10:10+00:00","1",""
"17070301005429","116","Printable Lake Map","pages/184_map.pdf","2","2010-10-10 17:10:10+00:00","1",""
"18020001001198","509","Printable Lake Map","pages/186_map.pdf","2","2010-10-10 17:10:10+00:00","1",""
"17090002003709","171","Printable Lake Map","pages/187_map.pdf","2","2010-10-10 17:10:10+00:00","1",""
"18020001001188","331","Printable Lake Map","pages/189_map.pdf","2","2010-10-10 17:10:10+00:00","1",""
"17100304000654","86","Printable Lake Map","pages/191_map.pdf","2","2010-10-10 17:10:10+00:00","1",""
"17090011000882","207","Printable Lake Map","pages/192_map.pdf","2","2010-10-10 17:10:10+00:00","1",""
"17090001001050","3","Printable Lake Map","pages/193_map.pdf","2","2010-10-10 17:10:10+00:00","1",""
"17050201000977","551","Printable Lake Map","pages/194_map.pdf","2","2010-10-10 17:10:10+00:00","1",""
"17100302001314","101","Printable Lake Map","pages/195_map.pdf","2","2010-10-10 17:10:10+00:00","1",""
"17120003000620","412","Printable Lake Map","pages/196_map.pdf","2","2010-10-10 17:10:10+00:00","1",""
"17100307001170","42","Printable Lake Map","pages/197_map.pdf","2","2010-10-10 17:10:10+00:00","1",""
"17100306000371","291","Printable Lake Map","pages/198_map.pdf","2","2010-10-10 17:10:10+00:00","1",""
"17090006008516","182","Printable Lake Map","pages/199_map.pdf","2","2010-10-10 17:10:10+00:00","1",""
"18010203000427","55","Printable Lake Map","pages/200_map.pdf","2","2010-10-10 17:10:10+00:00","1",""
"17070305009769","437","Printable Lake Map","pages/246_map.pdf","2","2010-10-10 17:10:10+00:00","1",""
"18010204002255","243","Printable Lake Map","pages/201_map.pdf","2","2010-10-10 17:10:10+00:00","1",""
"17060105000776","439","Printable Lake Map","pages/202_map.pdf","2","2010-10-10 17:10:10+00:00","1",""
"17090001001110","231","Printable Lake Map","pages/203_map.pdf","2","2010-10-10 17:10:10+00:00","1",""
"17090006008631","219","Printable Lake Map","pages/204_map.pdf","2","2010-10-10 17:10:10+00:00","1",""
"17100303001115","424","Printable Lake Map","pages/224_map.pdf","2","2010-10-10 17:10:10+00:00","1",""
"17070301000867","385","Printable Lake Map","pages/222_map.pdf","2","2010-10-10 17:10:10+00:00","1",""
"18010203000446","391","Printable Lake Map","pages/206_map.pdf","2","2010-10-10 17:10:10+00:00","1",""
"17120007341479","393","Printable Lake Map","pages/207_map.pdf","2","2010-10-10 17:10:10+00:00","1",""
"17090004021354","135","Printable Lake Map","pages/220_map.pdf","2","2010-10-10 17:10:10+00:00","1",""
"17070306012045","162","Printable Lake Map","pages/208_map.pdf","2","2010-10-10 17:10:10+00:00","1",""
"17100301001010","421","Printable Lake Map","pages/219_map.pdf","2","2010-10-10 17:10:10+00:00","1",""
"18010203000410","169","Printable Lake Map","pages/209_map.pdf","2","2010-10-10 17:10:10+00:00","1",""
"17070301000866","324","Printable Lake Map","pages/218_map.pdf","2","2010-10-10 17:10:10+00:00","1",""
"17100304006481","427","Printable Lake Map","pages/210_map.pdf","2","2010-10-10 17:10:10+00:00","1",""
"17070301000863","50","Printable Lake Map","pages/211_map.pdf","2","2010-10-10 17:10:10+00:00","1",""
"17070105019446","7","Printable Lake Map","pages/217_map.pdf","2","2010-10-10 17:10:10+00:00","1",""
"17060104001352","246","Printable Lake Map","pages/216_map.pdf","2","2010-10-10 17:10:10+00:00","1",""
"17070301005181","32","Printable Lake Map","pages/233_map.pdf","2","2010-10-10 17:10:10+00:00","1",""
"17090005012350","300","Printable Lake Map","pages/241_map.pdf","2","2010-10-10 17:10:10+00:00","1",""
"17060104001351","218","Printable Lake Map","pages/215_map.pdf","2","2010-10-10 17:10:10+00:00","1",""
"18010206004263","83","Printable Lake Map","pages/214_map.pdf","2","2010-10-10 17:10:10+00:00","1",""
"18010202003345","66","Printable Lake Map","pages/245_map.pdf","2","2010-10-10 17:10:10+00:00","1",""
"18010201000426","443","Printable Lake Map","pages/234_map.pdf","2","2010-10-10 17:10:10+00:00","1",""
"17100307001161","505","Printable Lake Map","pages/213_map.pdf","2","2010-10-10 17:10:10+00:00","1",""
"17060105000773","256","Printable Lake Map","pages/237_map.pdf","2","2010-10-10 17:10:10+00:00","1",""
"17070306002041","21","Printable Lake Map","pages/239_map.pdf","2","2010-10-10 17:10:10+00:00","1",""
"18010206001001","233","Printable Lake Map","pages/212_map.pdf","2","2010-10-10 17:10:10+00:00","1",""
"17100202004833","461","Basin Statistics","pages/286_stats.pdf","3","2010-10-10 17:10:10+00:00","0",""
"17120006001102","157","Basin Statistics","pages/40_stats.pdf","3","2010-10-10 17:10:10+00:00","0",""
"17050116004636","130","Basin Statistics","pages/42_stats.pdf","3","2010-10-10 17:10:10+00:00","0",""
"17070301004153","319","Basin Statistics","pages/44_stats.pdf","3","2010-10-10 17:10:10+00:00","0",""
"17090012000361","180","Basin Statistics","pages/46_stats.pdf","3","2010-10-10 17:10:10+00:00","0",""
"17080001017626","373","Basin Statistics","pages/48_stats.pdf","3","2010-10-10 17:10:10+00:00","0",""
"17090012006624","144","Basin Statistics","pages/50_stats.pdf","3","2010-10-10 17:10:10+00:00","0",""
"17090012006623","402","Basin Statistics","pages/51_stats.pdf","3","2010-10-10 17:10:10+00:00","0",""
"17100206000579","297","Basin Statistics","pages/52_stats.pdf","3","2010-10-10 17:10:10+00:00","0",""
"17070301000895","545","Basin Statistics","pages/54_stats.pdf","3","2010-10-10 17:10:10+00:00","0",""
"18010201000427","82","Basin Statistics","pages/56_stats.pdf","3","2010-10-10 17:10:10+00:00","0",""
"17070302000357","187","Basin Statistics","pages/58_stats.pdf","3","2010-10-10 17:10:10+00:00","0",""
"17080006006735","38","Basin Statistics","pages/60_stats.pdf","3","2010-10-10 17:10:10+00:00","0",""
"17070301000888","480","Basin Statistics","pages/62_stats.pdf","3","2010-10-10 17:10:10+00:00","0",""
"17070301000914","199","Basin Statistics","pages/64_stats.pdf","3","2010-10-10 17:10:10+00:00","0",""
"17090005012370","152","Basin Statistics","pages/66_stats.pdf","3","2010-10-10 17:10:10+00:00","0",""
"17100204000796","352","Basin Statistics","pages/68_stats.pdf","3","2010-10-10 17:10:10+00:00","0",""
"17100301001023","44","Basin Statistics","pages/70_stats.pdf","3","2010-10-10 17:10:10+00:00","0",""
"17070302000350","450","Basin Statistics","pages/72_stats.pdf","3","2010-10-10 17:10:10+00:00","0",""
"17070301000862","14","Basin Statistics","pages/74_stats.pdf","3","2010-10-10 17:10:10+00:00","0",""
"17100308006269","37","Basin Statistics","pages/76_stats.pdf","3","2010-10-10 17:10:10+00:00","0",""
"17090003017645","179","Basin Statistics","pages/78_stats.pdf","3","2010-10-10 17:10:10+00:00","0",""
"17100306000373","441","Basin Statistics","pages/80_stats.pdf","3","2010-10-10 17:10:10+00:00","0",""
"18020001001236","338","Basin Statistics","pages/82_stats.pdf","3","2010-10-10 17:10:10+00:00","0",""
"17090010004615","65","Basin Statistics","pages/84_stats.pdf","3","2010-10-10 17:10:10+00:00","0",""
"17090001005308","158","Basin Statistics","pages/86_stats.pdf","3","2010-10-10 17:10:10+00:00","0",""
"18010206001019","413","Basin Statistics","pages/88_stats.pdf","3","2010-10-10 17:10:10+00:00","0",""
"18010203003546","136","Basin Statistics","pages/90_stats.pdf","3","2010-10-10 17:10:10+00:00","0",""
"17100307006266","490","Basin Statistics","pages/92_stats.pdf","3","2010-10-10 17:10:10+00:00","0",""
"17070105019287","400","Basin Statistics","pages/94_stats.pdf","3","2010-10-10 17:10:10+00:00","0",""
"17120001004500","52","Basin Statistics","pages/96_stats.pdf","3","2010-10-10 17:10:10+00:00","0",""
"17090005000775","426","Basin Statistics","pages/98_stats.pdf","3","2010-10-10 17:10:10+00:00","0",""
"17070103004024","506","Basin Statistics","pages/100_stats.pdf","3","2010-10-10 17:10:10+00:00","0",""
"17100205000491","404","Basin Statistics","pages/102_stats.pdf","3","2010-10-10 17:10:10+00:00","0",""
"17100206000581","31","Basin Statistics","pages/104_stats.pdf","3","2010-10-10 17:10:10+00:00","0",""
"17070301000918","248","Basin Statistics","pages/106_stats.pdf","3","2010-10-10 17:10:10+00:00","0",""
"17070306002036","541","Basin Statistics","pages/108_stats.pdf","3","2010-10-10 17:10:10+00:00","0",""
"17090012000369","302","Basin Statistics","pages/110_stats.pdf","3","2010-10-10 17:10:10+00:00","0",""
"17050110002049","468","Basin Statistics","pages/112_stats.pdf","3","2010-10-10 17:10:10+00:00","0",""
"17070302000352","363","Basin Statistics","pages/114_stats.pdf","3","2010-10-10 17:10:10+00:00","0",""
"17050203006928","375","Basin Statistics","pages/116_stats.pdf","3","2010-10-10 17:10:10+00:00","0",""
"17070304003611","190","Basin Statistics","pages/118_stats.pdf","3","2010-10-10 17:10:10+00:00","0",""
"17100207000082","24","Basin Statistics","pages/120_stats.pdf","3","2010-10-10 17:10:10+00:00","0",""
"17090012000320","250","Basin Statistics","pages/122_stats.pdf","3","2010-10-10 17:10:10+00:00","0",""
"17070301000834","538","Basin Statistics","pages/124_stats.pdf","3","2010-10-10 17:10:10+00:00","0",""
"17100205005558","189","Basin Statistics","pages/126_stats.pdf","3","2010-10-10 17:10:10+00:00","0",""
"17100207000084","530","Basin Statistics","pages/128_stats.pdf","3","2010-10-10 17:10:10+00:00","0",""
"17100304000657","517","Basin Statistics","pages/130_stats.pdf","3","2010-10-10 17:10:10+00:00","0",""
"17090011000850","547","Basin Statistics","pages/132_stats.pdf","3","2010-10-10 17:10:10+00:00","0",""
"17100206000577","422","Basin Statistics","pages/134_stats.pdf","3","2010-10-10 17:10:10+00:00","0",""
"18010203003572","223","Basin Statistics","pages/136_stats.pdf","3","2010-10-10 17:10:10+00:00","0",""
"17090001020920","232","Basin Statistics","pages/138_stats.pdf","3","2010-10-10 17:10:10+00:00","0",""
"17060105000741","80","Basin Statistics","pages/140_stats.pdf","3","2010-10-10 17:10:10+00:00","0",""
"17070301000907","290","Basin Statistics","pages/142_stats.pdf","3","2010-10-10 17:10:10+00:00","0",""
"17100207000081","335","Basin Statistics","pages/144_stats.pdf","3","2010-10-10 17:10:10+00:00","0",""
"17100307007004","286","Basin Statistics","pages/146_stats.pdf","3","2010-10-10 17:10:10+00:00","0",""
"18010203003571","285","Basin Statistics","pages/147_stats.pdf","3","2010-10-10 17:10:10+00:00","0",""
"17070304003841","6","Basin Statistics","pages/148_stats.pdf","3","2010-10-10 17:10:10+00:00","0",""
"17050108001505","172","Basin Statistics","pages/149_stats.pdf","3","2010-10-10 17:10:10+00:00","0",""
"17050203001854","23","Basin Statistics","pages/150_stats.pdf","3","2010-10-10 17:10:10+00:00","0",""
"17100309003967","60","Basin Statistics","pages/151_stats.pdf","3","2010-10-10 17:10:10+00:00","0",""
"17070306002015","274","Basin Statistics","pages/152_stats.pdf","3","2010-10-10 17:10:10+00:00","0",""
"17050203006368","222","Basin Statistics","pages/153_stats.pdf","3","2010-10-10 17:10:10+00:00","0",""
"17100304000663","272","Basin Statistics","pages/154_stats.pdf","3","2010-10-10 17:10:10+00:00","0",""
"17090004001067","92","Basin Statistics","pages/155_stats.pdf","3","2010-10-10 17:10:10+00:00","0",""
"17070301000835","359","Basin Statistics","pages/156_stats.pdf","3","2010-10-10 17:10:10+00:00","0",""
"17090004007112","350","Basin Statistics","pages/157_stats.pdf","3","2010-10-10 17:10:10+00:00","0",""
"17070301000913","126","Basin Statistics","pages/158_stats.pdf","3","2010-10-10 17:10:10+00:00","0",""
"17090005000753","409","Basin Statistics","pages/159_stats.pdf","3","2010-10-10 17:10:10+00:00","0",""
"17080001017566","448","Basin Statistics","pages/160_stats.pdf","3","2010-10-10 17:10:10+00:00","0",""
"17080001017571","143","Basin Statistics","pages/161_stats.pdf","3","2010-10-10 17:10:10+00:00","0",""
"17050118002409","139","Basin Statistics","pages/162_stats.pdf","3","2010-10-10 17:10:10+00:00","0",""
"18010204002338","33","Basin Statistics","pages/163_stats.pdf","3","2010-10-10 17:10:10+00:00","0",""
"17100203010428","460","Basin Statistics","pages/164_stats.pdf","3","2010-10-10 17:10:10+00:00","0",""
"17070301000906","197","Basin Statistics","pages/165_stats.pdf","3","2010-10-10 17:10:10+00:00","0",""
"17120004002775","253","Basin Statistics","pages/166_stats.pdf","3","2010-10-10 17:10:10+00:00","0",""
"17100304000652","43","Basin Statistics","pages/167_stats.pdf","3","2010-10-10 17:10:10+00:00","0",""
"17090004007099","140","Basin Statistics","pages/168_stats.pdf","3","2010-10-10 17:10:10+00:00","0",""
"17070306002028","406","Basin Statistics","pages/169_stats.pdf","3","2010-10-10 17:10:10+00:00","0",""
"17100207000080","141","Basin Statistics","pages/170_stats.pdf","3","2010-10-10 17:10:10+00:00","0",""
"17080006006562","170","Basin Statistics","pages/171_stats.pdf","3","2010-10-10 17:10:10+00:00","0",""
"17070103003760","498","Basin Statistics","pages/172_stats.pdf","3","2010-10-10 17:10:10+00:00","0",""
"17100206000578","127","Basin Statistics","pages/173_stats.pdf","3","2010-10-10 17:10:10+00:00","0",""
"17100301005078","148","Basin Statistics","pages/174_stats.pdf","3","2010-10-10 17:10:10+00:00","0",""
"17090002003761","262","Basin Statistics","pages/175_stats.pdf","3","2010-10-10 17:10:10+00:00","0",""
"18020001001157","390","Basin Statistics","pages/176_stats.pdf","3","2010-10-10 17:10:10+00:00","0",""
"17050116008513","386","Basin Statistics","pages/177_stats.pdf","3","2010-10-10 17:10:10+00:00","0",""
"17090004007144","440","Basin Statistics","pages/178_stats.pdf","3","2010-10-10 17:10:10+00:00","0",""
"17100306000356","520","Basin Statistics","pages/179_stats.pdf","3","2010-10-10 17:10:10+00:00","0",""
"17120007341605","105","Basin Statistics","pages/180_stats.pdf","3","2010-10-10 17:10:10+00:00","0",""
"17070301000892","112","Basin Statistics","pages/181_stats.pdf","3","2010-10-10 17:10:10+00:00","0",""
"17120004001271","59","Basin Statistics","pages/182_stats.pdf","3","2010-10-10 17:10:10+00:00","0",""
"18010202001163","306","Basin Statistics","pages/183_stats.pdf","3","2010-10-10 17:10:10+00:00","0",""
"17070301005429","493","Basin Statistics","pages/184_stats.pdf","3","2010-10-10 17:10:10+00:00","0",""
"17090001001051","270","Basin Statistics","pages/185_stats.pdf","3","2010-10-10 17:10:10+00:00","0",""
"18020001001198","155","Basin Statistics","pages/186_stats.pdf","3","2010-10-10 17:10:10+00:00","0",""
"17090002003709","341","Basin Statistics","pages/187_stats.pdf","3","2010-10-10 17:10:10+00:00","0",""
"17070301000865","494","Basin Statistics","pages/188_stats.pdf","3","2010-10-10 17:10:10+00:00","0",""
"18020001001188","134","Basin Statistics","pages/189_stats.pdf","3","2010-10-10 17:10:10+00:00","0",""
"17100205005490","1","Basin Statistics","pages/190_stats.pdf","3","2010-10-10 17:10:10+00:00","0",""
"17100304000654","299","Basin Statistics","pages/191_stats.pdf","3","2010-10-10 17:10:10+00:00","0",""
"17090011000882","539","Basin Statistics","pages/192_stats.pdf","3","2010-10-10 17:10:10+00:00","0",""
"17090001001050","110","Basin Statistics","pages/193_stats.pdf","3","2010-10-10 17:10:10+00:00","0",""
"17050201000977","278","Basin Statistics","pages/194_stats.pdf","3","2010-10-10 17:10:10+00:00","0",""
"17100302001314","330","Basin Statistics","pages/195_stats.pdf","3","2010-10-10 17:10:10+00:00","0",""
"17120003000620","501","Basin Statistics","pages/196_stats.pdf","3","2010-10-10 17:10:10+00:00","0",""
"17100307001170","61","Basin Statistics","pages/197_stats.pdf","3","2010-10-10 17:10:10+00:00","0",""
"17100306000371","420","Basin Statistics","pages/198_stats.pdf","3","2010-10-10 17:10:10+00:00","0",""
"17090006008516","455","Basin Statistics","pages/199_stats.pdf","3","2010-10-10 17:10:10+00:00","0",""
"18010203000427","316","Basin Statistics","pages/200_stats.pdf","3","2010-10-10 17:10:10+00:00","0",""
"18010204002255","236","Basin Statistics","pages/201_stats.pdf","3","2010-10-10 17:10:10+00:00","0",""
"17060105000776","211","Basin Statistics","pages/202_stats.pdf","3","2010-10-10 17:10:10+00:00","0",""
"17090001001110","8","Basin Statistics","pages/203_stats.pdf","3","2010-10-10 17:10:10+00:00","0",""
"17090006008631","405","Basin Statistics","pages/204_stats.pdf","3","2010-10-10 17:10:10+00:00","0",""
"17120001004352","537","Basin Statistics","pages/205_stats.pdf","3","2010-10-10 17:10:10+00:00","0",""
"18010203000446","298","Basin Statistics","pages/206_stats.pdf","3","2010-10-10 17:10:10+00:00","0",""
"17120007341479","131","Basin Statistics","pages/207_stats.pdf","3","2010-10-10 17:10:10+00:00","0",""
"17070306012045","305","Basin Statistics","pages/208_stats.pdf","3","2010-10-10 17:10:10+00:00","0",""
"18010203000410","394","Basin Statistics","pages/209_stats.pdf","3","2010-10-10 17:10:10+00:00","0",""
"17100304006481","403","Basin Statistics","pages/210_stats.pdf","3","2010-10-10 17:10:10+00:00","0",""
"17070301000863","164","Basin Statistics","pages/211_stats.pdf","3","2010-10-10 17:10:10+00:00","0",""
"18010206001001","414","Basin Statistics","pages/212_stats.pdf","3","2010-10-10 17:10:10+00:00","0",""
"17100307001161","35","Basin Statistics","pages/213_stats.pdf","3","2010-10-10 17:10:10+00:00","0",""
"18010206004263","97","Basin Statistics","pages/214_stats.pdf","3","2010-10-10 17:10:10+00:00","0",""
"17060104001351","259","Basin Statistics","pages/215_stats.pdf","3","2010-10-10 17:10:10+00:00","0",""
"17060104001352","107","Basin Statistics","pages/216_stats.pdf","3","2010-10-10 17:10:10+00:00","0",""
"17070105019446","254","Basin Statistics","pages/217_stats.pdf","3","2010-10-10 17:10:10+00:00","0",""
"17070301000866","281","Basin Statistics","pages/218_stats.pdf","3","2010-10-10 17:10:10+00:00","0",""
"17100301001010","210","Basin Statistics","pages/219_stats.pdf","3","2010-10-10 17:10:10+00:00","0",""
"17090004021354","527","Basin Statistics","pages/220_stats.pdf","3","2010-10-10 17:10:10+00:00","0",""
"17070301000900","463","Basin Statistics","pages/221_stats.pdf","3","2010-10-10 17:10:10+00:00","0",""
"17070301000867","275","Basin Statistics","pages/222_stats.pdf","3","2010-10-10 17:10:10+00:00","0",""
"17090001001052","77","Basin Statistics","pages/223_stats.pdf","3","2010-10-10 17:10:10+00:00","0",""
"17100303001115","365","Basin Statistics","pages/224_stats.pdf","3","2010-10-10 17:10:10+00:00","0",""
"17090004001064","245","Basin Statistics","pages/225_stats.pdf","3","2010-10-10 17:10:10+00:00","0",""
"18010204002206","550","Basin Statistics","pages/226_stats.pdf","3","2010-10-10 17:10:10+00:00","0",""
"17090001001076","351","Basin Statistics","pages/227_stats.pdf","3","2010-10-10 17:10:10+00:00","0",""
"17090001001057","75","Basin Statistics","pages/228_stats.pdf","3","2010-10-10 17:10:10+00:00","0",""
"17100203000738","467","Basin Statistics","pages/229_stats.pdf","3","2010-10-10 17:10:10+00:00","0",""
"17070201001692","353","Basin Statistics","pages/230_stats.pdf","3","2010-10-10 17:10:10+00:00","0",""
"17050119001844","471","Basin Statistics","pages/231_stats.pdf","3","2010-10-10 17:10:10+00:00","0",""
"17120009001467","67","Basin Statistics","pages/232_stats.pdf","3","2010-10-10 17:10:10+00:00","0",""
"17070301005181","418","Basin Statistics","pages/233_stats.pdf","3","2010-10-10 17:10:10+00:00","0",""
"18010201000426","121","Basin Statistics","pages/234_stats.pdf","3","2010-10-10 17:10:10+00:00","0",""
"17060105000771","85","Basin Statistics","pages/235_stats.pdf","3","2010-10-10 17:10:10+00:00","0",""
"17090004001133","514","Basin Statistics","pages/236_stats.pdf","3","2010-10-10 17:10:10+00:00","0",""
"17060105000773","106","Basin Statistics","pages/237_stats.pdf","3","2010-10-10 17:10:10+00:00","0",""
"AOL000080","145","Basin Statistics","pages/238_stats.pdf","3","2010-10-10 17:10:10+00:00","0",""
"17070306002041","387","Basin Statistics","pages/239_stats.pdf","3","2010-10-10 17:10:10+00:00","0",""
"17060104001358","48","Basin Statistics","pages/240_stats.pdf","3","2010-10-10 17:10:10+00:00","0",""
"17090005012350","287","Basin Statistics","pages/241_stats.pdf","3","2010-10-10 17:10:10+00:00","0",""
"17090011005288","176","Basin Statistics","pages/242_stats.pdf","3","2010-10-10 17:10:10+00:00","0",""
"17100304000655","458","Basin Statistics","pages/243_stats.pdf","3","2010-10-10 17:10:10+00:00","0",""
"17070301000908","264","Basin Statistics","pages/244_stats.pdf","3","2010-10-10 17:10:10+00:00","0",""
"18010202003345","466","Basin Statistics","pages/245_stats.pdf","3","2010-10-10 17:10:10+00:00","0",""
"17070305009769","294","Basin Statistics","pages/246_stats.pdf","3","2010-10-10 17:10:10+00:00","0",""
"17100204005506","367","Basin Statistics","pages/247_stats.pdf","3","2010-10-10 17:10:10+00:00","0",""
"17070202005406","528","Basin Statistics","pages/248_stats.pdf","3","2010-10-10 17:10:10+00:00","0",""
"17090005000768","193","Basin Statistics","pages/249_stats.pdf","3","2010-10-10 17:10:10+00:00","0",""
"17070202001525","239","Basin Statistics","pages/250_stats.pdf","3","2010-10-10 17:10:10+00:00","0",""
"17070306010954","312","Basin Statistics","pages/251_stats.pdf","3","2010-10-10 17:10:10+00:00","0",""
"17100301005061","30","Basin Statistics","pages/252_stats.pdf","3","2010-10-10 17:10:10+00:00","0",""
"AOL000086","398","Basin Statistics","pages/253_stats.pdf","3","2010-10-10 17:10:10+00:00","0",""
"17120008004578","188","Basin Statistics","pages/254_stats.pdf","3","2010-10-10 17:10:10+00:00","0",""
"17070306010961","284","Basin Statistics","pages/255_stats.pdf","3","2010-10-10 17:10:10+00:00","0",""
"17080001017591","454","Basin Statistics","pages/256_stats.pdf","3","2010-10-10 17:10:10+00:00","0",""
"18010204002282","174","Basin Statistics","pages/257_stats.pdf","3","2010-10-10 17:10:10+00:00","0",""
"17100304000659","444","Basin Statistics","pages/258_stats.pdf","3","2010-10-10 17:10:10+00:00","0",""
"17090004006177","500","Basin Statistics","pages/259_stats.pdf","3","2010-10-10 17:10:10+00:00","0",""
"17100311011257","502","Basin Statistics","pages/260_stats.pdf","3","2010-10-10 17:10:10+00:00","0",""
"17070306011851","58","Basin Statistics","pages/261_stats.pdf","3","2010-10-10 17:10:10+00:00","0",""
"17080006006591","379","Basin Statistics","pages/262_stats.pdf","3","2010-10-10 17:10:10+00:00","0",""
"17090004007103","525","Basin Statistics","pages/263_stats.pdf","3","2010-10-10 17:10:10+00:00","0",""
"17070301000912","395","Basin Statistics","pages/264_stats.pdf","3","2010-10-10 17:10:10+00:00","0",""
"17070301005459","240","Basin Statistics","pages/265_stats.pdf","3","2010-10-10 17:10:10+00:00","0",""
"18010204002235","154","Basin Statistics","pages/266_stats.pdf","3","2010-10-10 17:10:10+00:00","0",""
"17100309000673","497","Basin Statistics","pages/267_stats.pdf","3","2010-10-10 17:10:10+00:00","0",""
"17070201001696","128","Basin Statistics","pages/268_stats.pdf","3","2010-10-10 17:10:10+00:00","0",""
"18010204002341","372","Basin Statistics","pages/269_stats.pdf","3","2010-10-10 17:10:10+00:00","0",""
"17120005004769","486","Basin Statistics","pages/270_stats.pdf","3","2010-10-10 17:10:10+00:00","0",""
"17070302001212","102","Basin Statistics","pages/271_stats.pdf","3","2010-10-10 17:10:10+00:00","0",""
"17100201000712","276","Basin Statistics","pages/272_stats.pdf","3","2010-10-10 17:10:10+00:00","0",""
"17050203006118","318","Basin Statistics","pages/273_stats.pdf","3","2010-10-10 17:10:10+00:00","0",""
"17120005001399","214","Basin Statistics","pages/274_stats.pdf","3","2010-10-10 17:10:10+00:00","0",""
"17070301000853","485","Basin Statistics","pages/275_stats.pdf","3","2010-10-10 17:10:10+00:00","0",""
"17100207011137","124","Basin Statistics","pages/276_stats.pdf","3","2010-10-10 17:10:10+00:00","0",""
"17070301000856","508","Basin Statistics","pages/277_stats.pdf","3","2010-10-10 17:10:10+00:00","0",""
"17100301005580","521","Basin Statistics","pages/278_stats.pdf","3","2010-10-10 17:10:10+00:00","0",""
"17090001001071","235","Basin Statistics","pages/279_stats.pdf","3","2010-10-10 17:10:10+00:00","0",""
"17090004007106","95","Basin Statistics","pages/280_stats.pdf","3","2010-10-10 17:10:10+00:00","0",""
"17080001017715","56","Basin Statistics","pages/281_stats.pdf","3","2010-10-10 17:10:10+00:00","0",""
"17050202004614","474","Basin Statistics","pages/282_stats.pdf","3","2010-10-10 17:10:10+00:00","0",""
"17050108001493","46","Basin Statistics","pages/283_stats.pdf","3","2010-10-10 17:10:10+00:00","0",""
"17070301005246","515","Basin Statistics","pages/284_stats.pdf","3","2010-10-10 17:10:10+00:00","0",""
"17100204000797","476","Basin Statistics","pages/285_stats.pdf","3","2010-10-10 17:10:10+00:00","0",""
"17070105019093","98","Basin Statistics","pages/287_stats.pdf","3","2010-10-10 17:10:10+00:00","0",""
"17070305000758","212","Basin Statistics","pages/288_stats.pdf","3","2010-10-10 17:10:10+00:00","0",""
"17050116004933","242","Basin Statistics","pages/289_stats.pdf","3","2010-10-10 17:10:10+00:00","0",""
"17100307007018","226","Basin Statistics","pages/290_stats.pdf","3","2010-10-10 17:10:10+00:00","0",""
"18010204002588","323","Basin Statistics","pages/291_stats.pdf","3","2010-10-10 17:10:10+00:00","0",""
"17070301000874","417","Basin Statistics","pages/292_stats.pdf","3","2010-10-10 17:10:10+00:00","0",""
"17050203006039","161","Basin Statistics","pages/293_stats.pdf","3","2010-10-10 17:10:10+00:00","0",""
"17120004003024","255","Basin Statistics","pages/1111_stats.pdf","3","2010-10-10 17:10:10+00:00","0",""
"17100305009185","273","Basin Statistics","pages/1112_stats.pdf","3","2010-10-10 17:10:10+00:00","0",""
"18010202001129","90","Basin Statistics","pages/1113_stats.pdf","3","2010-10-10 17:10:10+00:00","0",""
"17120008002810","369","Basin Statistics","pages/1114_stats.pdf","3","2010-10-10 17:10:10+00:00","0",""
"17100304000653","18","Basin Statistics","pages/1115_stats.pdf","3","2010-10-10 17:10:10+00:00","0",""
"17070201006146","17","Basin Statistics","pages/1116_stats.pdf","3","2010-10-10 17:10:10+00:00","0",""
"17120003002211","277","Basin Statistics","pages/1117_stats.pdf","3","2010-10-10 17:10:10+00:00","0",""
"18020001001183","122","Basin Statistics","pages/1118_stats.pdf","3","2010-10-10 17:10:10+00:00","0",""
"17050203001856","29","Basin Statistics","pages/1119_stats.pdf","3","2010-10-10 17:10:10+00:00","0",""
"17060105000762","410","Basin Statistics","pages/1120_stats.pdf","3","2010-10-10 17:10:10+00:00","0",""
"17120007341785","28","Basin Statistics","pages/1121_stats.pdf","3","2010-10-10 17:10:10+00:00","0",""
"17050201000974","94","Basin Statistics","pages/1122_stats.pdf","3","2010-10-10 17:10:10+00:00","0",""
"17120007342050","132","Basin Statistics","pages/1123_stats.pdf","3","2010-10-10 17:10:10+00:00","0",""
"17100306004496","73","Basin Statistics","pages/1124_stats.pdf","3","2010-10-10 17:10:10+00:00","0",""
"17120007342050","111","2007 National Lakes Survey Summary Page","pages/1123_survey.pdf","4","2010-10-10 17:10:10+00:00","0",""
"17050201000974","183","2007 National Lakes Survey Summary Page","pages/1122_survey.pdf","4","2010-10-10 17:10:10+00:00","0",""
"17060105000762","534","2007 National Lakes Survey Summary Page","pages/1120_survey.pdf","4","2010-10-10 17:10:10+00:00","0",""
"17050203001856","543","2007 National Lakes Survey Summary Page","pages/1119_survey.pdf","4","2010-10-10 17:10:10+00:00","0",""
"18020001001183","49","2007 National Lakes Survey Summary Page","pages/1118_survey.pdf","4","2010-10-10 17:10:10+00:00","0",""
"17120003002211","371","2007 National Lakes Survey Summary Page","pages/1117_survey.pdf","4","2010-10-10 17:10:10+00:00","0",""
"17070201006146","357","2007 National Lakes Survey Summary Page","pages/1116_survey.pdf","4","2010-10-10 17:10:10+00:00","0",""
"17100304000653","196","2007 National Lakes Survey Summary Page","pages/1115_survey.pdf","4","2010-10-10 17:10:10+00:00","0",""
"17120008002810","72","2007 National Lakes Survey Summary Page","pages/1114_survey.pdf","4","2010-10-10 17:10:10+00:00","0",""
"17100305009185","535","2007 National Lakes Survey Summary Page","pages/1112_survey.pdf","4","2010-10-10 17:10:10+00:00","0",""
"17120004003024","142","2007 National Lakes Survey Summary Page","pages/1111_survey.pdf","4","2010-10-10 17:10:10+00:00","0",""
"17090001001071","238","2007 National Lakes Survey Summary Page","pages/279_survey.pdf","4","2010-10-10 17:10:10+00:00","0",""
"17070201001696","488","2007 National Lakes Survey Summary Page","pages/268_survey.pdf","4","2010-10-10 17:10:10+00:00","0",""
"17070301005459","308","2007 National Lakes Survey Summary Page","pages/265_survey.pdf","4","2010-10-10 17:10:10+00:00","0",""
"17070301000912","54","2007 National Lakes Survey Summary Page","pages/264_survey.pdf","4","2010-10-10 17:10:10+00:00","0",""
"17090004007103","415","2007 National Lakes Survey Summary Page","pages/263_survey.pdf","4","2010-10-10 17:10:10+00:00","0",""
"17120009001467","120","2007 National Lakes Survey Summary Page","pages/232_survey.pdf","4","2010-10-10 17:10:10+00:00","0",""
"17070301000863","5","2007 National Lakes Survey Summary Page","pages/211_survey.pdf","4","2010-10-10 17:10:10+00:00","0",""
"17100304006481","481","2007 National Lakes Survey Summary Page","pages/210_survey.pdf","4","2010-10-10 17:10:10+00:00","0",""
"17100301005078","201","2007 National Lakes Survey Summary Page","pages/174_survey.pdf","4","2010-10-10 17:10:10+00:00","0",""
"17070306002028","447","2007 National Lakes Survey Summary Page","pages/169_survey.pdf","4","2010-10-10 17:10:10+00:00","0",""
"17090004001067","27","2007 National Lakes Survey Summary Page","pages/155_survey.pdf","4","2010-10-10 17:10:10+00:00","0",""
"17090001020920","510","2007 National Lakes Survey Summary Page","pages/138_survey.pdf","4","2010-10-10 17:10:10+00:00","0",""
"17050203006928","473","2007 National Lakes Survey Summary Page","pages/116_survey.pdf","4","2010-10-10 17:10:10+00:00","0",""
"18010203003546","138","2007 National Lakes Survey Summary Page","pages/90_survey.pdf","4","2010-10-10 17:10:10+00:00","0",""
"17090001005308","349","2007 National Lakes Survey Summary Page","pages/86_survey.pdf","4","2010-10-10 17:10:10+00:00","0",""
"17090003017645","496","2007 National Lakes Survey Summary Page","pages/78_survey.pdf","4","2010-10-10 17:10:10+00:00","0",""
"17100308006269","292","2007 National Lakes Survey Summary Page","pages/76_survey.pdf","4","2010-10-10 17:10:10+00:00","0",""
"17100206000579","93","2007 National Lakes Survey Summary Page","pages/52_survey.pdf","4","2010-10-10 17:10:10+00:00","0",""
"17050116004636","355","2007 National Lakes Survey Summary Page","pages/42_survey.pdf","4","2010-10-10 17:10:10+00:00","0",""
"17100205000491","596","Printable Lake Map","pages/102_map.pdf","10","2014-03-28 16:21:24.859992+00:00","1",""
"17100206000581","597","Printable Lake Map","pages/104_map.pdf","10","2014-03-28 16:21:24.972995+00:00","1",""
"17090012000369","598","Printable Lake Map","pages/110_map.pdf","10","2014-03-28 16:21:25.096732+00:00","1",""
"17120004003024","599","Printable Lake Map","pages/1111_map.pdf","10","2014-03-28 16:21:25.215607+00:00","1",""
"17100305009185","600","Printable Lake Map","pages/1112_map.pdf","10","2014-03-28 16:21:25.330585+00:00","1",""
"18010202001129","601","Printable Lake Map","pages/1113_map.pdf","10","2014-03-28 16:21:25.441422+00:00","1",""
"17120008002810","602","Printable Lake Map","pages/1114_map.pdf","10","2014-03-28 16:21:25.557756+00:00","1",""
"17100304000653","603","Printable Lake Map","pages/1115_map.pdf","10","2014-03-28 16:21:25.670947+00:00","1",""
"17070201006146","604","Printable Lake Map","pages/1116_map.pdf","10","2014-03-28 16:21:25.781920+00:00","1",""
"18020001001183","605","Printable Lake Map","pages/1118_map.pdf","10","2014-03-28 16:21:25.892539+00:00","1",""
"17050203001856","606","Printable Lake Map","pages/1119_map.pdf","10","2014-03-28 16:21:26.012086+00:00","1",""
"17060105000762","607","Printable Lake Map","pages/1120_map.pdf","10","2014-03-28 16:21:26.125778+00:00","1",""
"17120007341785","608","Printable Lake Map","pages/1121_map.pdf","10","2014-03-28 16:21:26.247050+00:00","1",""
"17050201000974","609","Printable Lake Map","pages/1122_map.pdf","10","2014-03-28 16:21:26.377987+00:00","1",""
"17120007342050","610","Printable Lake Map","pages/1123_map.pdf","10","2014-03-28 16:21:26.492016+00:00","1",""
"17100306004496","611","Printable Lake Map","pages/1124_map.pdf","10","2014-03-28 16:21:26.606677+00:00","1",""
"17050110002049","612","Printable Lake Map","pages/112_map.pdf","10","2014-03-28 16:21:26.839509+00:00","1",""
"17070304003611","613","Printable Lake Map","pages/118_map.pdf","10","2014-03-28 16:21:26.934271+00:00","1",""
"17100207000082","614","Printable Lake Map","pages/120_map.pdf","10","2014-03-28 16:21:27.030001+00:00","1",""
"17090012000320","615","Printable Lake Map","pages/122_map.pdf","10","2014-03-28 16:21:27.118793+00:00","1",""
"18010203003572","616","Printable Lake Map","pages/136_map.pdf","10","2014-03-28 16:21:27.317538+00:00","1",""
"17070301000907","617","Printable Lake Map","pages/142_map.pdf","10","2014-03-28 16:21:27.531778+00:00","1",""
"17080001017566","618","Printable Lake Map","pages/160_map.pdf","10","2014-03-28 16:21:27.738055+00:00","1",""
"17080001017571","619","Printable Lake Map","pages/161_map.pdf","10","2014-03-28 16:21:27.938782+00:00","1",""
"17100203010428","620","Printable Lake Map","pages/164_map.pdf","10","2014-03-28 16:21:28.110756+00:00","1",""
"17090004007099","621","Printable Lake Map","pages/168_map.pdf","10","2014-03-28 16:21:28.304512+00:00","1",""
"17070306002028","622","Printable Lake Map","pages/169_map.pdf","10","2014-03-28 16:21:28.516960+00:00","1",""
"17080006006562","623","Printable Lake Map","pages/171_map.pdf","10","2014-03-28 16:21:28.705172+00:00","1",""
"17070103003760","624","Printable Lake Map","pages/172_map.pdf","10","2014-03-28 16:21:28.913603+00:00","1",""
"17050116008513","625","Printable Lake Map","pages/177_map.pdf","10","2014-03-28 16:21:29.282717+00:00","1",""
"17120007341605","626","Printable Lake Map","pages/180_map.pdf","10","2014-03-28 16:21:29.476193+00:00","1",""
"17090001001051","627","Printable Lake Map","pages/185_map.pdf","10","2014-03-28 16:21:29.737338+00:00","1",""
"17070301000865","628","Printable Lake Map","pages/188_map.pdf","10","2014-03-28 16:21:29.916588+00:00","1",""
"17100205005490","629","Printable Lake Map","pages/190_map.pdf","10","2014-03-28 16:21:30.364226+00:00","1",""
"17120001004352","630","Printable Lake Map","pages/205_map.pdf","10","2014-03-28 16:21:30.566698+00:00","1",""
"17070301000900","631","Printable Lake Map","pages/221_map.pdf","10","2014-03-28 16:21:30.784138+00:00","1",""
"17090001001052","632","Printable Lake Map","pages/223_map.pdf","10","2014-03-28 16:21:30.917623+00:00","1",""
"18010204002206","633","Printable Lake Map","pages/226_map.pdf","10","2014-03-28 16:21:31.091455+00:00","1",""
"AOL000080","634","Printable Lake Map","pages/238_map.pdf","10","2014-03-28 16:21:31.291735+00:00","1",""
"17090011005288","635","Printable Lake Map","pages/242_map.pdf","10","2014-03-28 16:21:31.473341+00:00","1",""
"17100304000655","636","Printable Lake Map","pages/243_map.pdf","10","2014-03-28 16:21:31.657688+00:00","1",""
"17070301000908","637","Printable Lake Map","pages/244_map.pdf","10","2014-03-28 16:21:31.821615+00:00","1",""
"17100204005506","638","Printable Lake Map","pages/247_map.pdf","10","2014-03-28 16:21:32.051765+00:00","1",""
"17070202005406","639","Printable Lake Map","pages/248_map.pdf","10","2014-03-28 16:21:32.245081+00:00","1",""
"17090005000768","640","Printable Lake Map","pages/249_map.pdf","10","2014-03-28 16:21:32.585637+00:00","1",""
"17070202001525","641","Printable Lake Map","pages/250_map.pdf","10","2014-03-28 16:21:32.785754+00:00","1",""
"17070306010954","642","Printable Lake Map","pages/251_map.pdf","10","2014-03-28 16:21:32.939857+00:00","1",""
"17100301005061","643","Printable Lake Map","pages/252_map.pdf","10","2014-03-28 16:21:33.085723+00:00","1",""
"AOL000086","644","Printable Lake Map","pages/253_map.pdf","10","2014-03-28 16:21:33.249950+00:00","1",""
"17120008004578","645","Printable Lake Map","pages/254_map.pdf","10","2014-03-28 16:21:33.434515+00:00","1",""
"17070306010961","646","Printable Lake Map","pages/255_map.pdf","10","2014-03-28 16:21:33.593819+00:00","1",""
"17080001017591","647","Printable Lake Map","pages/256_map.pdf","10","2014-03-28 16:21:33.753541+00:00","1",""
"18010204002282","648","Printable Lake Map","pages/257_map.pdf","10","2014-03-28 16:21:33.938105+00:00","1",""
"17100304000659","649","Printable Lake Map","pages/258_map.pdf","10","2014-03-28 16:21:34.121711+00:00","1",""
"17090004006177","650","Printable Lake Map","pages/259_map.pdf","10","2014-03-28 16:21:34.290242+00:00","1",""
"17100311011257","651","Printable Lake Map","pages/260_map.pdf","10","2014-03-28 16:21:34.462566+00:00","1",""
"17070306011851","652","Printable Lake Map","pages/261_map.pdf","10","2014-03-28 16:21:34.642413+00:00","1",""
"17080006006591","653","Printable Lake Map","pages/262_map.pdf","10","2014-03-28 16:21:34.806702+00:00","1",""
"17090004007103","654","Printable Lake Map","pages/263_map.pdf","10","2014-03-28 16:21:35.032255+00:00","1",""
"17070301000912","655","Printable Lake Map","pages/264_map.pdf","10","2014-03-28 16:21:35.223771+00:00","1",""
"17070301005459","656","Printable Lake Map","pages/265_map.pdf","10","2014-03-28 16:21:35.413076+00:00","1",""
"18010204002235","657","Printable Lake Map","pages/266_map.pdf","10","2014-03-28 16:21:35.564512+00:00","1",""
"17100309000673","658","Printable Lake Map","pages/267_map.pdf","10","2014-03-28 16:21:35.760610+00:00","1",""
"17070201001696","659","Printable Lake Map","pages/268_map.pdf","10","2014-03-28 16:21:35.891339+00:00","1",""
"18010204002341","660","Printable Lake Map","pages/269_map.pdf","10","2014-03-28 16:21:36.042316+00:00","1",""
"17120005004769","661","Printable Lake Map","pages/270_map.pdf","10","2014-03-28 16:21:36.217234+00:00","1",""
"17070302001212","662","Printable Lake Map","pages/271_map.pdf","10","2014-03-28 16:21:36.399594+00:00","1",""
"17100201000712","663","Printable Lake Map","pages/272_map.pdf","10","2014-03-28 16:21:36.530004+00:00","1",""
"17050203006118","664","Printable Lake Map","pages/273_map.pdf","10","2014-03-28 16:21:36.648240+00:00","1",""
"17120005001399","665","Printable Lake Map","pages/274_map.pdf","10","2014-03-28 16:21:36.833754+00:00","1",""
"17100207011137","666","Printable Lake Map","pages/276_map.pdf","10","2014-03-28 16:21:36.993015+00:00","1",""
"17070301000856","667","Printable Lake Map","pages/277_map.pdf","10","2014-03-28 16:21:37.150302+00:00","1",""
"17100301005580","668","Printable Lake Map","pages/278_map.pdf","10","2014-03-28 16:21:37.326773+00:00","1",""
"17090001001071","669","Printable Lake Map","pages/279_map.pdf","10","2014-03-28 16:21:37.600484+00:00","1",""
"17090004007106","670","Printable Lake Map","pages/280_map.pdf","10","2014-03-28 16:21:37.764047+00:00","1",""
"17080001017715","671","Printable Lake Map","pages/281_map.pdf","10","2014-03-28 16:21:37.927834+00:00","1",""
"17050202004614","672","Printable Lake Map","pages/282_map.pdf","10","2014-03-28 16:21:38.099965+00:00","1",""
"17050108001493","673","Printable Lake Map","pages/283_map.pdf","10","2014-03-28 16:21:38.272674+00:00","1",""
"17070301005246","674","Printable Lake Map","pages/284_map.pdf","10","2014-03-28 16:21:38.422816+00:00","1",""
"17100204000797","675","Printable Lake Map","pages/285_map.pdf","10","2014-03-28 16:21:38.625114+00:00","1",""
"17100202004833","676","Printable Lake Map","pages/286_map.pdf","10","2014-03-28 16:21:38.786043+00:00","1",""
"17070105019093","677","Printable Lake Map","pages/287_map.pdf","10","2014-03-28 16:21:38.939440+00:00","1",""
"17070305000758","678","Printable Lake Map","pages/288_map.pdf","10","2014-03-28 16:21:39.105742+00:00","1",""
"18010204002588","679","Printable Lake Map","pages/291_map.pdf","10","2014-03-28 16:21:39.291529+00:00","1",""
"17070301000874","680","Printable Lake Map","pages/292_map.pdf","10","2014-03-28 16:21:39.456632+00:00","1",""
"17050203006039","681","Printable Lake Map","pages/293_map.pdf","10","2014-03-28 16:21:39.636428+00:00","1",""
"17070301004153","682","Printable Lake Map","pages/44_map.pdf","10","2014-03-28 16:21:39.837735+00:00","1",""
"17090012000361","683","Printable Lake Map","pages/46_map.pdf","10","2014-03-28 16:21:40.028826+00:00","1",""
"17080001017626","684","Printable Lake Map","pages/48_map.pdf","10","2014-03-28 16:21:40.422384+00:00","1",""
"17090012006624","685","Printable Lake Map","pages/50_map.pdf","10","2014-03-28 16:21:40.584813+00:00","1",""
"17090012006623","686","Printable Lake Map","pages/51_map.pdf","10","2014-03-28 16:21:40.742097+00:00","1",""
"17100204000796","687","Printable Lake Map","pages/68_map.pdf","10","2014-03-28 16:21:41.013705+00:00","1",""
"17070301000862","688","Printable Lake Map","pages/74_map.pdf","10","2014-03-28 16:21:41.184261+00:00","1",""
"17090003017645","689","Printable Lake Map","pages/78_map.pdf","10","2014-03-28 16:21:41.365804+00:00","1",""
"17100306000373","690","Printable Lake Map","pages/80_map.pdf","10","2014-03-28 16:21:41.558372+00:00","1",""
"18020001001236","691","Printable Lake Map","pages/82_map.pdf","10","2014-03-28 16:21:41.734641+00:00","1",""
"17090001005308","692","Printable Lake Map","pages/86_map.pdf","10","2014-03-28 16:21:41.938246+00:00","1",""
"18010206001019","693","Printable Lake Map","pages/88_map.pdf","10","2014-03-28 16:21:42.125987+00:00","1",""
"18010203003546","694","Printable Lake Map","pages/90_map.pdf","10","2014-03-28 16:21:42.299281+00:00","1",""
"17070105019287","695","Printable Lake Map","pages/94_map.pdf","10","2014-03-28 16:21:42.469192+00:00","1",""
"17120001004559","696","Printable Lake Map","pages/96_map.pdf","10","2014-03-28 16:21:42.697911+00:00","1",""
"17090011000850","697","Printable Lake Map","pages/132_map.pdf","10","2014-03-28 16:51:17.910726+00:00","1",""
