"lake_id","photo_id","file","taken_on","author","caption"
"18010201000427","1659","photos/DMJ_Crater.jpg","","","Crater Lake"
"17120006001102","1624","photos/DRL_IMG_0387.JPG","2008-07-18","R Lycan","Abert Lake - Basin and Range informational sign"
"17120006001102","1629","photos/DRL_IMG_0392.JPG","2008-07-18","R Lycan","Abert Lake from SW side looking N"
"17120006001102","1628","photos/DRL_IMG_0391.JPG","2008-07-18","R Lycan","Abert Lake from NE side view to S"
"17120006001102","1625","photos/DRL_IMG_0388.JPG","2008-07-18","R Lycan","Abert Lake - geology informational sign"
"17120006001102","1627","photos/DRL_IMG_0390.JPG","2008-07-18","R Lycan","Abert Lake - Boat and harvesting activities, probably brine shrimp"
"17120006001102","1622","photos/DEQ_AOL-0155.jpg","1982-07-04","Dan Johnson","Abert Lake"
"17120006001102","1623","photos/DEQ_AOL-0197.jpg","","","Abert Lake and Rim"
"17120006001102","1626","photos/DRL_IMG_0389.JPG","2008-07-18","R Lycan","Abert Lake - informational sign on ancient lakes"
"17050116004636","1740","photos/DEQ_AOL-0143.jpg","","Dan Johnson","Beulah Reservoir"
"17070301004153","1787","photos/DMJ_BillyChinook_1982.jpg","1982-05-21","","Billy Chinook Lake"
"17090012000361","1811","photos/DEQ_AOL-0190.jpg","1982-09-23","",""
"17090012000361","1809","photos/DEQ_AOL-0051.jpg","1982-09-23","","Blue Lake"
"17090012000361","1810","photos/DEQ_AOL-0188.jpg","1983-08-18","","Blue Lake milfoil"
"17080001017626","1793","photos/DEQ_AOL-0064.jpg","1982-09-15","Dan Johnson","Bull Run Lake"
"17080001017626","1794","photos/DEQ_AOL-0192.jpg","","","Bull Run Lake"
"17080001017626","1795","photos/DEQ_AOL-0195.jpg","","","Bull Run Lake"
"17090012006624","1803","photos/DEQ_AOL-0054.jpg","1993-06-01","","Slough near Smith and Bybee Lakes"
"17090012006624","1804","photos/DEQ_AOL-0056.jpg","1993-06-01","","Smith and Bybee Lakes"
"17090012006623","1822","photos/DEQ_AOL-0053.jpg","1993-06-01","METRO","Smith Lake"
"17090012006623","1823","photos/DEQ_AOL-0055.jpg","1993-06-01","","Great Blue Heron in Smith/Bybee Lakes"
"17090012006623","1821","photos/DEQ_AOL-0052.jpg","1993-06-01","METRO","Smith Lake"
"17090012006623","1824","photos/DEQ_AOL-0057.jpg","1993-06-01","","Beaver's Nest at Smith/Bybee Lakes"
"17100206000579","1470","photos/DEQ_AOL-0172.jpg","1982-05-12","","Clear Lake with Collard Lake in background and Ackerley L"
"17070301000895","1376","photos/DMJ_Crane-Prairie_1984.jpg","","","Crane Prairie Lake"
"18010201000427","1662","photos/DMJ_crater_1987_dan.jpg","","Dan Johnson","Crater Lake"
"18010201000427","1658","photos/DEQ_AOL-0160.jpg","","","Crater Lake"
"18010201000427","1661","photos/DMJ_Crater_1987.jpg","","","Crater Lake"
"18010201000427","1660","photos/DMJ_crater_1984_dan.jpg","","Dan Johnson","Crater Lake"
"18010201000427","1657","photos/DEQ_AOL-0100.jpg","","","Crater Lake"
"18010201000427","1654","photos/DEQ_AOL-0097.jpg","1978-09-01","","Crater Lake"
"18010201000427","1655","photos/DEQ_AOL-0098.jpg","1978-09-01","","Crater Lake"
"18010201000427","1656","photos/DEQ_AOL-0099.jpg","","","Crater Lake"
"17070302000357","1373","photos/DEQ_AOL-0082.jpg","1982-05-19","Dan Johnson","Crescent Lake"
"17070302000357","1374","photos/DEQ_AOL-0083.jpg","1983-04-01","Dan Johnson","Crescent Lake"
"17080006006735","1798","photos/DEQ_AOL-0036.jpg","1982-10-16","Dan Johnson","Cullaby Lake"
"17080006006735","1799","photos/DEQ_AOL-0037.jpg","1982-10-16","Dan Johnson","Cullaby Lake"
"17080006006735","1801","photos/DEQ_AOL-0046.jpg","1980-04-01","","Cullaby Lake (lower part of picture) and Sunset Lake (upp"
"17080006006735","1796","photos/DEQ_AOL-0034.jpg","1982-10-16","Dan Johnson","Cullaby Lake"
"17080006006735","1797","photos/DEQ_AOL-0035.jpg","1982-10-16","Dan Johnson","Cullaby Lake"
"17080006006735","1800","photos/DEQ_AOL-0042.jpg","1980-04-01","","Sunset Lake with Cullaby Lake to bottom left"
"17070301000914","1378","photos/DMJ_Davis__1982_dan.jpg","1982-07-16","Dan Johnson","Davis Lake"
"17070301000914","1377","photos/DEQ_AOL-0084.jpg","1981-07-16","Dan Johnson","Davis Lake"
"17090005012370","1813","photos/DEQ_AOL-0203.jpg","1982-09-15","","Detroit Lake and Dam"
"17090005012370","1812","photos/DEQ_AOL-0059.jpg","1987-04-01","","Detroit Lake from Dam"
"17100204000796","1868","photos/DEQ_AOL-0029.jpg","","","Devils Lake"
"17100204000796","1867","photos/DEQ_AOL-0028.jpg","","","Devils Lake"
"17100204000796","1873","photos/DMJ_Devils_Oct87.jpg","","","Devils Lake"
"17100204000796","1872","photos/DEQ_AOL-0183.jpg","","","Devils Lake Grass Carp"
"17100204000796","1871","photos/DEQ_AOL-0182.jpg","","","Devils Lake Grass Carp"
"17100204000796","1870","photos/DEQ_AOL-0181.jpg","1988-07-01","","Devils Lake Milfoil"
"17100204000796","1869","photos/DEQ_AOL-0177.jpg","1986-08-01","","Devils Lake Milfoil"
"17100301001023","1425","photos/DEQ_AOL-0002.jpg","1982-08-22","Dan Johnson","Diamond Lake"
"17100301001023","1429","photos/DMJ_Diamond_1984_dan.jpg","1982-08-22","Dan Johnson","Diamond Lake"
"17100301001023","1428","photos/DMJ_Diamond02_1984_dan.jpg","","Dan Johnson","Diamond Lake"
"17100301001023","1427","photos/DEQ_AOL-0169.jpg","1982-08-22","Dan Johnson","Diamond Lake"
"17100301001023","1426","photos/DEQ_AOL-0103.jpg","1978-09-01","Andy Schaedel","Diamond Lake"
"17100308006269","1620","photos/DRL_IMG_0174.JPG","2008-06-22","R Lycan","Emmigrant Lake"
"17100308006269","1621","photos/DRL_IMG_0175.JPG","2008-06-22","R Lycan","Emmigrant Lake"
"17100308006269","1615","photos/DEQ_AOL-0168.jpg","1982-07-12","Dan Johnson","Emigrant Lake"
"17100308006269","1616","photos/DRL_IMG_0170.JPG","2008-06-22","R Lycan","Emmigrant  Lake"
"17100308006269","1617","photos/DRL_IMG_0171.JPG","2008-06-22","R Lycan","Emigrant Lake boat launch"
"17100308006269","1618","photos/DRL_IMG_0172.JPG","2008-06-22","R Lycan","Emigrant Lake parafoil kite"
"17100308006269","1619","photos/DRL_IMG_0173.JPG","2008-06-22","R Lycan","Emmigrant Lake"
"17100306000373","1554","photos/DMJ_Garrison02_1982_dan.jpg","1982-05-04","Dan Johnson","Garrison Lake"
"17100306000373","1556","photos/DRL_IMG_0286.JPG","2008-06-29","R Lycan","Garrison Lake"
"17100306000373","1552","photos/DEQ_AOL-0032.jpg","","Andy Schaedel","Garrison Lake"
"17100306000373","1549","photos/DEL_IMG_0048.JPG","2008-06-29","E Lycan","Garrison Lake"
"17100306000373","1550","photos/DEQ_AOL-0030.jpg","1985-11-01","Andy Schaedel","Garrison Lake"
"17100306000373","1551","photos/DEQ_AOL-0031.jpg","1985-11-01","Andy Schaedel","Garrison Lake"
"17100306000373","1553","photos/DEQ_AOL-0033.jpg","1985-11-01","Andy Schaedel","Garrison Lake"
"17100306000373","1560","photos/DRL_IMG_0290.JPG","2008-06-29","R Lycan","Garrison Lake"
"17100306000373","1555","photos/DMJ_Garrison_1982_dan.jpg","1982-05-04","Dan Johnson","Garrison Lake"
"17100306000373","1559","photos/DRL_IMG_0289.JPG","2008-06-29","R Lycan","Garrison Lake"
"17100306000373","1558","photos/DRL_IMG_0288.JPG","2008-06-29","R Lycan","Garrison Lake"
"17100306000373","1557","photos/DRL_IMG_0287.JPG","2008-06-29","R Lycan","Garrison Lake"
"18020001001236","1712","photos/DRL_IMG_0359.JPG","2008-07-17","R Lycan","Goose Lake shoreline"
"18020001001236","1711","photos/DRL_IMG_0358.JPG","2008-07-17","R Lycan","Vegetation along Goose Lake at state park"
"18020001001236","1708","photos/DRL_IMG_0355.JPG","2008-07-17","R Lycan","Goose Lake information"
"18020001001236","1710","photos/DRL_IMG_0357.JPG","2008-07-17","R Lycan","Goose Lake from state park"
"18020001001236","1709","photos/DRL_IMG_0356.JPG","2008-07-17","R Lycan","Goose Lake - history of great basin"
"18020001001236","1706","photos/DRL_IMG_0353.JPG","2008-07-17","R Lycan","Goose Lake information"
"18020001001236","1707","photos/DRL_IMG_0354.JPG","2008-07-17","R Lycan","History of Goose Lake Valley"
"18010206001019","1697","photos/DRL_IMG_0180.JPG","2008-06-22","R Lycan","Howard Prairie Lake"
"18010206001019","1698","photos/DRL_IMG_0181.JPG","2008-06-22","R Lycan","Howard Prairie Lake"
"18010206001019","1699","photos/DRL_IMG_0182.JPG","2008-06-22","R Lycan","Howard Prairie Lake"
"18010206001019","1702","photos/DRL_IMG_0185.JPG","2008-06-22","R Lycan","Lake of the Woods"
"18010206001019","1701","photos/DRL_IMG_0184.JPG","2008-06-22","R Lycan","Howard Prairie Lake fishing pier"
"18010206001019","1700","photos/DRL_IMG_0183.JPG","2008-06-22","R Lycan","Howard Prairie Lake"
"18010203003546","1691","photos/DRL_IMG_0190.JPG","2008-06-22","R Lycan","Lake of the Woods lodge -store"
"18010203003546","1688","photos/DRL_IMG_0187.JPG","2008-06-22","R Lycan","Lake of the Woods"
"18010203003546","1686","photos/DEQ_AOL-0107.jpg","1982-05-19","Dan Johnson","Lake of the Woods"
"18010203003546","1687","photos/DRL_IMG_0186.JPG","2008-06-22","R Lycan","Lake of the Woods"
"18010203003546","1690","photos/DRL_IMG_0189.JPG","2008-06-22","R Lycan","Lake of the Woods"
"18010203003546","1689","photos/DRL_IMG_0188.JPG","2008-06-22","R Lycan","Lake of the Woods"
"18010203003546","1692","photos/DRL_IMG_0191.JPG","2008-06-22","R Lycan","Lake of the Woods"
"17120001004500","1757","photos/DRL_IMG_0325.JPG","2008-07-16","R Lycan","Malheur Lake from narrow looking W"
"17120001004500","1765","photos/DRL_IMG_0333.JPG","2008-07-16","R Lycan","Malheur Refuge Headquarters"
"17120001004500","1764","photos/DRL_IMG_0332.JPG","2008-07-16","R Lycan","Poster at Malheur Refuge"
"17120001004500","1763","photos/DRL_IMG_0331.JPG","2008-07-16","R Lycan","Map of Malheur Refuge"
"17120001004500","1762","photos/DRL_IMG_0330.JPG","2008-07-16","R Lycan","Malheur Refuge Headquarters pond"
"17120001004500","1761","photos/DRL_IMG_0329.JPG","2008-07-16","R Lycan","Malheur Refuge Headquarters view to N over lake"
"17120001004500","1760","photos/DRL_IMG_0328.JPG","2008-07-16","R Lycan","Malhuer Refuge Headquarters view looking N over lake"
"17120001004500","1759","photos/DRL_IMG_0327.JPG","2008-07-16","R Lycan","Malheur Lake from road at narrows"
"17120001004500","1758","photos/DRL_IMG_0326.JPG","2008-07-16","R Lycan","Malheur Lake control structure at narrows"
"17120001004500","1756","photos/DRL_IMG_0324.JPG","2008-07-16","R Lycan","Malheur Lake informational sign on history"
"17120001004500","1755","photos/DRL_IMG_0323.JPG","2008-07-16","R Lycan","Malheur Lake orientation map for refuge"
"17120001004500","1754","photos/DRL_IMG_0322.JPG","2008-07-16","R Lycan","Malheur Lake informational sign on harvest of plumage"
"17120001004500","1753","photos/DMJ_Malheur_1985.jpg","","","Malheur Lake"
"17120001004500","1752","photos/DEQ_AOL-0208.jpg","","","Malheur Lake"
"17090005000775","1819","photos/DMJ_Marion02_1982_dan.jpg","1982-08-05","Dan Johnson","Marion Lake"
"17090005000775","1818","photos/DMJ_Marion01_1982_dan.jpg","1982-08-05","Dan Johnson","Marion Lake"
"17090005000775","1816","photos/DEQ_AOL-0067.jpg","1982-08-05","Dan Johnson","Marion Lake"
"17090005000775","1817","photos/DEQ_AOL-0171.jpg","1982-08-05","Dan Johnson","Marion Lake Algae"
"17090005000775","1820","photos/DMJ_Marion_1984_dan.jpg","","Dan Johnson","Marion Lake"
"17100205000491","1849","photos/DEQ_AOL-0186.jpg","","","Mercer Lake"
"17100205000491","1848","photos/DEQ_AOL-0185.jpg","","","Mercer Lake"
"17100205000491","1847","photos/DEQ_AOL-0184.jpg","","","Mercer Lake"
"17100205000491","1846","photos/DEL_IMG_0009.JPG","2008-06-28","E Lycan","Mercer Lake E arrm"
"17100205000491","1853","photos/DRL_IMG_0215.JPG","2008-06-28","R Lycan","Mercer Lake SE shore view of boat ramp"
"17100205000491","1858","photos/DRL_IMG_0220.JPG","2008-06-28","R Lycan","Mercer Lake S shore view to N of cottages"
"17100205000491","1854","photos/DRL_IMG_0216.JPG","2008-06-28","R Lycan","Mercer Lake"
"17100205000491","1857","photos/DRL_IMG_0219.JPG","2008-06-28","R Lycan","Mercer Lake  S  shore view of homes"
"17100205000491","1856","photos/DRL_IMG_0218.JPG","2008-06-28","R Lycan","Mercer Lake SE shore view to N"
"17100205000491","1855","photos/DRL_IMG_0217.JPG","2008-06-28","R Lycan","Mercer Lake"
"17100205000491","1850","photos/DEQ_AOL-0209.jpg","1989-08-01","Mark Sytsma","Mercer Lake"
"17100205000491","1851","photos/DEQ_AOL-0225.jpg","1989-08-01","Mark Sytsma","Mercer Lake"
"17100205000491","1852","photos/DMJ_Mercer_1982_dan.jpg","1982-05-02","Dan Johnson","Mercer"
"17100206000581","1437","photos/DRL_IMG_0212.JPG","2008-06-28","R Lycan","Munsel Lake informational sign"
"17100206000581","1439","photos/DRL_IMG_0214.JPG","2008-06-28","R Lycan","Munsel Lake"
"17100206000581","1438","photos/DRL_IMG_0213.JPG","2008-06-28","R Lycan","Munsel Lake shoreline homes"
"17100206000581","1433","photos/DEL_IMG_0006.JPG","2008-06-28","E Lycan","Munsel Lake information sign"
"17100206000581","1434","photos/DEL_IMG_0007.JPG","2008-06-28","E Lycan","Musell Lake W side view to E"
"17100206000581","1435","photos/DEL_IMG_0008.JPG","2008-06-28","E Lycan","Musell Lake W side view to E"
"17100206000581","1436","photos/DRL_IMG_0211.JPG","2008-06-28","R Lycan","Munsel Lake view from Lane Co. Park access point"
"17070301000918","1379","photos/DEQ_AOL-0088.jpg","1982-05-20","Dan Johnson","Odell Lake"
"17070301000918","1380","photos/DMJ_Odell_1989_dan.jpg","","Dan Johnson","Odell Lake"
"17090012000369","1807","photos/DEQ_AOL-0050.jpg","1986-06-10","Andy Schaedel","Lake Oswego"
"17090012000369","1808","photos/DEQ_AOL-0189.jpg","1987-07-01","","Lake Oswego"
"17050110002049","1731","photos/DEQ_AOL-0148.jpg","1982-09-07","Dan Johnson","Owyhee Reservoir Dam"
"17050110002049","1733","photos/DEQ_AOL-0150.jpg","1982-09-07","Dan Johnson","Owyhee Lake"
"17050110002049","1732","photos/DEQ_AOL-0149.jpg","1982-09-07","Dan Johnson","Owyhee Lake"
"17070302000352","1370","photos/DEQ_AOL-0207.jpg","1981-09-13","Dan Johnson","East (on right) and Paulina (on left) Lakes"
"17070302000352","1371","photos/DMJ_Newberry02_1984.jpg","","","Newberry"
"17070302000352","1372","photos/DMJ_Newberry_1984.jpg","","","Newberry"
"17050203006928","1885","photos/DEQ_AOL-0128.jpg","1982-07-28","Dan Johnson","Phillips Lake"
"17070304003611","1784","photos/DRL_IMG_0316.JPG","2008-07-16","R Lycan","Prineville Reservoir view of dam"
"17070304003611","1783","photos/DRL_IMG_0315.JPG","2008-07-16","R Lycan","Prineville Reservoir launching ramp"
"17070304003611","1782","photos/DRL_IMG_0314.JPG","2008-07-16","R Lycan","Prineville Reservoir view from near dam of launching site"
"17070304003611","1781","photos/DRL_IMG_0313.JPG","2008-07-16","R Lycan","Prineville Reservoir from dam toward SE"
"17070304003611","1780","photos/DRL_SEOR_0312.JPG","2008-07-16","R Lycan","Prineville Reservoir informational sign"
"17070304003611","1779","photos/DEQ_AOL-0152.jpg","1982-05-24","Dan Johnson","Prineville Reservoir"
"17100207000082","1477","photos/DEQ_AOL-0005.jpg","1985-01-01","Doug Larson","Siltcoos Lake"
"17100207000082","1475","photos/DEL_IMG_0022.JPG","2008-06-29","E Lycan","Siltcoos Lake at Lane Co park"
"17100207000082","1474","photos/DEL_IMG_0021.JPG","2008-06-29","E Lycan","Siltcoos Lake at Lane Co park"
"17100207000082","1473","photos/DEL_IMG_0020.JPG","2008-06-29","E Lycan","Siltcoos Lake Lane Co Park sign"
"17100207000082","1472","photos/DEL_IMG_0019.JPG","2008-06-29","E Lycan","Siltcoos Lake sign at Darlings Resort"
"17100207000082","1471","photos/DEL_IMG_0018.JPG","2008-06-29","E Lycan","Siltcoos Lake boat launch"
"17100207000082","1478","photos/DEQ_AOL-0179.jpg","","","Siltcoos Lake"
"17100207000082","1476","photos/DEL_IMG_0023.JPG","2008-06-29","E Lycan","Siltcoos Lake boat launch"
"17100207000082","1484","photos/DRL_IMG_0242.JPG","2008-06-29","R Lycan","Siltcoos Lake W shore marina"
"17100207000082","1483","photos/DRL_IMG_0241.JPG","2008-06-29","R Lycan","Siltcoos Lake W shore emergent vegetation"
"17100207000082","1482","photos/DRL_IMG_0240.JPG","2008-06-29","R Lycan","Siltcoos Lake informational sign on canoe trail"
"17100207000082","1481","photos/DRL_IMG_0239.JPG","2008-06-29","R Lycan","Siltcoos Lake"
"17100207000082","1480","photos/DRL_IMG_0238.JPG","2008-06-29","R Lycan","Siltcoos Lake N arm marina"
"17100207000082","1479","photos/DEQ_AOL-0205.jpg","1981-07-28","Dan Johnson","Siltcoos Lake"
"17070301000834","1778","photos/DMJ_Suttle01_1983.jpg","2010-03-21","","Suttle Lake"
"17070301000834","1777","photos/DEQ_AOL-0070.jpg","1982-07-21","","Suttle Lake"
"17100205005558","1861","photos/DRL_IMG_0221.JPG","2008-06-28","R Lycan","Sutton Lake E shore"
"17100205005558","1862","photos/DRL_IMG_0222.JPG","2008-06-28","R Lycan","Sutton Lake SW shore view of boat dock"
"17100205005558","1863","photos/DRL_IMG_0223.JPG","2008-06-28","R Lycan","Sutton Lake SW Shore"
"17100205005558","1864","photos/DRL_IMG_0224.JPG","2008-06-28","R Lycan","Sutton Lake - Elaine"
"17100205005558","1865","photos/DRL_IMG_0225.JPG","2008-06-28","R Lycan","Sutton Lake SW shore residence"
"17100205005558","1866","photos/DRL_IMG_0226.JPG","2008-06-28","R Lycan","Sutton Lake permit collection station"
"17100205005558","1859","photos/DEL_IMG_0010.JPG","2008-06-28","E Lycan","Sutton Lake"
"17100205005558","1860","photos/DEL_IMG_0011.JPG","2008-06-28","E Lycan","Sutton Lake boat launch"
"17100207000084","1535","photos/DEL_IMG_0027.JPG","2008-06-29","E Lycan","Tahkenich Lake NW corner looking E"
"17100207000084","1534","photos/DEL_IMG_0026.JPG","2008-06-29","E Lycan","Tahkenich Lake fishing opportunities sign"
"17100207000084","1536","photos/DEL_IMG_0028.JPG","2008-06-29","E Lycan","Tahkenich Lake W side view to N"
"17100207000084","1537","photos/DEL_IMG_0052.JPG","2008-06-29","E Lycan","Tahkenich Lake view from US 101 lookin N"
"17100207000084","1538","photos/DEL_IMG_0053.JPG","2008-06-29","E Lycan","Tahkenich Lake view from US 101 lookin N"
"17100207000084","1539","photos/DMJ_Tahkenitch01_1982.jpg","1982-05-03","","Tahkenitch Lake"
"17100207000084","1540","photos/DRL_IMG_0246.JPG","2008-06-29","R Lycan","Tahkenich Lake fishing information sign"
"17100207000084","1541","photos/DRL_IMG_0247.JPG","2008-06-29","R Lycan","Tahkenich Lake W side floating cottage"
"17100207000084","1542","photos/DRL_IMG_0248.JPG","2008-06-29","R Lycan","Tahkenich Lake W side floating cottage"
"17100207000084","1543","photos/DRL_IMG_0249.JPG","2008-06-29","R Lycan","Tahkenich Lake W side view to E"
"17100207000084","1544","photos/DRL_IMG_0250.JPG","2008-06-29","R Lycan","Tahkenich Lake W side view to S of emergent vegetation"
"17100207000084","1545","photos/DRL_IMG_0251.JPG","2008-06-29","R Lycan","Tahkenich Lake W side"
"17100207000084","1546","photos/DRL_IMG_0252.JPG","2008-06-29","R Lycan","Tahkenich Lake W side"
"17100207000084","1547","photos/DRL_IMG_0253.JPG","2008-06-29","R Lycan","Tahkenich Lake W side"
"17100207000084","1548","photos/DRL_IMG_0254.JPG","2008-06-29","R Lycan","Tahkenich Lake W side"
"17100304000657","1460","photos/DRL_IMG_0268.JPG","2008-06-29","R Lycan","Tenmile Lake Lakeside informational sign"
"17100304000657","1459","photos/DRL_IMG_0267.JPG","2008-06-29","R Lycan","Tenmile Lake informational sign"
"17100304000657","1458","photos/DEQ_AOL-0220.jpg","1989-08-01","","Tenmile Lake"
"17100304000657","1457","photos/DEQ_AOL-0219.jpg","1989-08-01","Mark Sytsma","Tenmile Lake"
"17100304000657","1456","photos/DEQ_AOL-0218.jpg","1989-08-01","","Tenmile Lake"
"17100304000657","1455","photos/DEQ_AOL-0217.jpg","1989-08-01","","Tenmile Lake"
"17100304000657","1454","photos/DEQ_AOL-0216.jpg","1989-08-01","","Tenmile Lake"
"17100304000657","1453","photos/DEQ_AOL-0215.jpg","","",""
"17100304000657","1452","photos/DEQ_AOL-0176.jpg","1982-05-05","","Tenmile Lake"
"17100304000657","1451","photos/DEL_IMG_0039.JPG","2008-06-29","E Lycan","Tenmile Lake - discard photo"
"17100304000657","1450","photos/DEL_IMG_0038.JPG","2008-06-29","E Lycan","Tenmile Lake dock"
"17100304000657","1449","photos/DEL_IMG_0037.JPG","2008-06-29","E Lycan","Tenmile Lake boat launch"
"17100304000657","1448","photos/DEL_IMG_0036.JPG","2008-06-29","E Lycan","Tenmile Lake informational sign"
"17100304000657","1461","photos/DRL_IMG_0269.JPG","2008-06-29","R Lycan","Ten Mile Lake marina at Lakeside"
"17100304000657","1462","photos/DRL_IMG_0270.JPG","2008-06-29","R Lycan","Ten Mile Lake boat launch ramp"
"17100206000577","1875","photos/DEL_IMG_0003.JPG","2008-06-28","E Lycan","Triangle Lake NW corner view to SE"
"17100206000577","1876","photos/DEL_IMG_0004.JPG","2008-06-28","E Lycan","Triangle Lake NW corner view to SE"
"17100206000577","1877","photos/DEL_IMG_0005.JPG","2008-06-28","E Lycan","Triangle Lake W shore view to NE"
"17100206000577","1878","photos/DRL_IMG_0206.JPG","2008-06-28","R Lycan","Triangle Lake from N shore view to SE"
"17100206000577","1879","photos/DRL_IMG_0207.JPG","2008-06-28","R Lycan","Triangle Lake view from NW shore to SE"
"17100206000577","1881","photos/DRL_IMG_0209.JPG","2008-06-28","R Lycan","Triangle Lake"
"17100206000577","1880","photos/DRL_IMG_0208.JPG","2008-06-28","R Lycan","Triangle Lake view of dock and boating activitries"
"17100206000577","1882","photos/DRL_IMG_0210.JPG","2008-06-28","R Lycan","Triangle Lake view from W shore of lake looking east"
"18010203003572","1704","photos/DMJ_klamath_1982.jpg","","","Klamath Lake"
"18010203003572","1670","photos/DEQ_AOL-0136.jpg","1981-05-18","Dan Johnson","Upper Klamath Lake"
"18010203003572","1703","photos/DEQ_AOL-0170.jpg","1982-05-18","Dan Johnson","Upper Klamath Lake"
"17090001020920","1398","photos/DEQ_AOL-0094.jpg","1982-08-23","Dan Johnson","Waldo Lake"
"17090001020920","1400","photos/DMJ_Waldo_1984_dan.jpg","","Dan Johnson","Waldo Lake"
"17090001020920","1399","photos/DEQ_AOL-0199.jpg","1981-08-18","Dan Johnson","Waldo Lake"
"17060105000741","1979","photos/NEAL_IMGP9372.JPG","2008-08-16","M Neal","Wallowa Lake, NE shore"
"17060105000741","1948","photos/NEAL_IMGP9236.JPG","2008-08-13","M Neal","Wallowa Lake, from E shore"
"17060105000741","1944","photos/NEAL_IMGP9231.JPG","2008-08-13","M Neal","Wallowa Lake, from SE shore"
"17060105000741","1946","photos/NEAL_IMGP9233.JPG","2008-08-13","M Neal","Wallowa Lake, from SE shore"
"17060105000741","1947","photos/NEAL_IMGP9234.JPG","2008-08-13","M Neal","Wallowa Lake, from SE shore"
"17060105000741","1919","photos/NEAL_IMGP9205.JPG","2008-08-13","M Neal","Wallowa Lake, NE shore"
"17060105000741","1955","photos/NEAL_IMGP9244.JPG","2008-08-13","M Neal","Wallowa Lake, from SE shore toward S"
"17060105000741","1920","photos/NEAL_IMGP9206.JPG","2008-08-13","M Neal","Wallowa Lake, NE shore"
"17060105000741","1921","photos/NEAL_IMGP9207.JPG","2008-08-13","M Neal","Wallowa Lake, from NE shore"
"17060105000741","1978","photos/NEAL_IMGP9371.JPG","2008-08-16","M Neal","Wallowa Lake, NE shore"
"17060105000741","1922","photos/NEAL_IMGP9208.JPG","2008-08-13","M Neal","Wallowa Lake, NE shore"
"17060105000741","1923","photos/NEAL_IMGP9209.JPG","2008-08-13","M Neal","Wallowa Lake, NE shore"
"17060105000741","1924","photos/NEAL_IMGP9210.JPG","2008-08-13","M Neal","Wallowa Lake, NE shore"
"17060105000741","1925","photos/NEAL_IMGP9211.JPG","2008-08-13","M Neal","Wallowa Lake, from SE shore"
"17060105000741","1926","photos/NEAL_IMGP9212.JPG","2008-08-13","M Neal","Wallowa Lake, from E shore"
"17060105000741","1954","photos/NEAL_IMGP9242.JPG","2008-08-13","M Neal","Wallowa Lake, SE shore to N"
"17060105000741","1953","photos/NEAL_IMGP9241.JPG","2008-08-13","M Neal","Wallowa Lake, SE shore"
"17060105000741","1952","photos/NEAL_IMGP9240.JPG","2008-08-13","M Neal","Wallowa Lake, river"
"17060105000741","1951","photos/NEAL_IMGP9239.JPG","2008-08-13","M Neal","Wallowa Lake, river"
"17060105000741","1950","photos/NEAL_IMGP9238.JPG","2008-08-13","M Neal","Wallowa Lake, river"
"17060105000741","1927","photos/NEAL_IMGP9213.JPG","2008-08-13","M Neal","Wallowa Lake, from E shore"
"17060105000741","1928","photos/NEAL_IMGP9214.JPG","2008-08-13","M Neal","Wallowa Lake, from E shore"
"17060105000741","1929","photos/NEAL_IMGP9215.JPG","2008-08-13","M Neal","Wallowa Lake, from E shore"
"17060105000741","1930","photos/NEAL_IMGP9216.JPG","2008-08-13","M Neal",""
"17060105000741","1931","photos/NEAL_IMGP9217.JPG","2008-08-13","M Neal","Wallowa Lake from E Shore"
"17060105000741","1932","photos/NEAL_IMGP9218.JPG","2008-08-13","M Neal","Wallowa Lake from E shore"
"17060105000741","1949","photos/NEAL_IMGP9237.JPG","2008-08-13","M Neal","Wallowa Lake, river"
"17060105000741","1933","photos/NEAL_IMGP9219.JPG","2008-08-13","M Neal","Wallowa Lake from E shore"
"17060105000741","1934","photos/NEAL_IMGP9220.JPG","2008-08-13","M Neal","Wallowa Lake, from E shore"
"17060105000741","1935","photos/NEAL_IMGP9221.JPG","2008-08-13","M Neal","Wallowa Lake, from E shore"
"17060105000741","1936","photos/NEAL_IMGP9222.JPG","2008-08-13","M Neal","Wallowa Lake, from E shore"
"17060105000741","1937","photos/NEAL_IMGP9223.JPG","2008-08-13","M Neal","Wallowa Lake, from E shore"
"17060105000741","1939","photos/NEAL_IMGP9225.JPG","2008-08-13","M Neal","Wallowa Lake from E shore"
"17060105000741","1940","photos/NEAL_IMGP9226.JPG","2008-08-13","M Neal","Wallowa Lake, from E shore"
"17060105000741","1941","photos/NEAL_IMGP9227.JPG","2008-08-13","M Neal","Wallowa Lake from E shore"
"17060105000741","1942","photos/NEAL_IMGP9228.JPG","2008-08-13","M Neal","Wallowa Lake, from SE shore"
"17060105000741","1943","photos/NEAL_IMGP9230.JPG","2008-08-13","M Neal","Wallowa Lake, from E shore"
"17060105000741","1945","photos/NEAL_IMGP9232.JPG","2008-08-13","M Neal","Wallowa Lake, from SE shore"
"17060105000741","1896","photos/DEQ_AOL-0200.jpg","","","Wallowa Lake"
"17060105000741","1897","photos/DMJ_Wallowa-Larry.jpg","","Larry","Wallowa Lake"
"17060105000741","1895","photos/DEQ_AOL-0121.jpg","","","Wallowa Lake"
"17060105000741","1894","photos/DEQ_AOL-0120.jpg","1982-08-01","Dan Johnson","Wallowa Lake"
"17060105000741","1977","photos/NEAL_IMGP9370.JPG","2008-08-16","M Neal","Wallowa Lake, NE shore"
"17060105000741","1976","photos/NEAL_IMGP9369.JPG","2008-08-16","M Neal","Wallowa Lake, NE shore"
"17060105000741","1975","photos/NEAL_IMGP9367.JPG","2008-08-16","M Neal","Wallowa Lake, NE shore"
"17060105000741","1974","photos/NEAL_IMGP9366.JPG","2008-08-16","M Neal","Wallowa Lake, NE shore"
"17060105000741","1973","photos/NEAL_IMGP9312.JPG","2008-08-14","M Neal","Wallowa Lake, NE shore"
"17060105000741","1972","photos/NEAL_IMGP9310.JPG","2008-08-14","M Neal","Wallowa Lake, NE shore"
"17060105000741","1971","photos/NEAL_IMGP9309.JPG","2008-08-14","M Neal","Wallowa Lake, NE shore"
"17060105000741","1970","photos/NEAL_IMGP9308.JPG","2008-08-14","M Neal","Wallowa Lake, NE shore"
"17060105000741","1969","photos/NEAL_IMGP9307.JPG","2008-08-14","M Neal","Wallowa Lake, NE shore"
"17060105000741","1968","photos/NEAL_IMGP9304.JPG","2008-08-14","M Neal","Wallowa Lake, NE shore"
"17060105000741","1967","photos/NEAL_IMGP9297.JPG","2008-08-14","M Neal","Wallow Lake from tram"
"17060105000741","1966","photos/NEAL_IMGP9296.JPG","2008-08-14","M Neal","Wallowa Lake from tram"
"17060105000741","1898","photos/DMJ_Wallowa_larry.jpg","","Larry","Wallowa Lake"
"17060105000741","1899","photos/NEAL_IMGP9185.JPG","2008-08-13","M Neal","Wallowa Lake, NE shore"
"17060105000741","1900","photos/NEAL_IMGP9186.JPG","2008-08-13","M Neal","Wallowa Lake, NE shore"
"17060105000741","1901","photos/NEAL_IMGP9187.JPG","2008-08-13","M Neal","Wallowa Lake, NE shore"
"17060105000741","1902","photos/NEAL_IMGP9188.JPG","2008-08-13","M Neal","Wallowa Lake, from NE shore"
"17060105000741","1903","photos/NEAL_IMGP9189.JPG","2008-08-13","M Neal","Wallowa Lake, NE shore"
"17060105000741","1904","photos/NEAL_IMGP9190.JPG","2008-08-13","M Neal","Wallowa Lake, NE shore"
"17060105000741","1905","photos/NEAL_IMGP9191.JPG","2008-08-13","M Neal","Wallowa Lake, NE shore"
"17060105000741","1906","photos/NEAL_IMGP9192.JPG","2008-08-13","M Neal","Wallowa Lake, NE shore"
"17060105000741","1907","photos/NEAL_IMGP9193.JPG","2008-08-13","M Neal","Wallowa Lake"
"17060105000741","1908","photos/NEAL_IMGP9194.JPG","2008-08-13","M Neal","Wallowa Lake, NE shore"
"17060105000741","1909","photos/NEAL_IMGP9195.JPG","2008-08-13","M Neal","Wallowa Lake, NE shore"
"17060105000741","1910","photos/NEAL_IMGP9196.JPG","2008-08-13","M Neal","Wallowa Lake, NE shore"
"17060105000741","1911","photos/NEAL_IMGP9197.JPG","2008-08-13","M Neal","Wallowa Lake, NE shore"
"17060105000741","1912","photos/NEAL_IMGP9198.JPG","2008-08-13","M Neal","Wallowa Lake, NE shore"
"17060105000741","1913","photos/NEAL_IMGP9199.JPG","2008-08-13","M Neal","Wallowa Lake, NE shore"
"17060105000741","1965","photos/NEAL_IMGP9295.JPG","2008-08-14","M Neal","Wallowa Lake from tram"
"17060105000741","1964","photos/NEAL_IMGP9294.JPG","2008-08-14","M Neal","Wallowa Lake from tram"
"17060105000741","1963","photos/NEAL_IMGP9291.JPG","2008-08-14","M Neal","Wallowa Lake from tram"
"17060105000741","1962","photos/NEAL_IMGP9290.JPG","2008-08-14","M Neal","Wallowa Lake from tram"
"17060105000741","1961","photos/NEAL_IMGP9288.JPG","2008-08-14","M Neal","Wallowa Lake from tram"
"17060105000741","1960","photos/NEAL_IMGP9287.JPG","2008-08-14","M Neal","Wallowa Lake from tram"
"17060105000741","1914","photos/NEAL_IMGP9200.JPG","2008-08-13","M Neal",""
"17060105000741","1915","photos/NEAL_IMGP9201.JPG","2008-08-13","M Neal","Wallowa Lake, NE shore"
"17060105000741","1916","photos/NEAL_IMGP9202.JPG","2008-08-13","M Neal","Wallowa Lake, NE shore"
"17060105000741","1917","photos/NEAL_IMGP9203.JPG","2008-08-13","M Neal",""
"17060105000741","1959","photos/NEAL_IMGP9285.JPG","2008-08-14","M Neal","Wallow Lake from tram"
"17060105000741","1938","photos/NEAL_IMGP9224.JPG","2008-08-13","M Neal",""
"17060105000741","1958","photos/NEAL_IMGP9248.JPG","2008-08-13","M Neal",""
"17060105000741","1957","photos/NEAL_IMGP9246.JPG","2008-08-13","M Neal","Wallowa Lake , from E shore"
"17060105000741","1956","photos/NEAL_IMGP9245.JPG","2008-08-13","M Neal","Wallowa Lake from E shore, view to w"
"17060105000741","1918","photos/NEAL_IMGP9204.JPG","2008-08-13","M Neal","Wallowa Lake, NE shore"
"17070301000907","1395","photos/DEQ_AOL-0096.jpg","1982-07-17","Dan Johnson","Wickiup Reservoir"
"17100207000081","1586","photos/DEQ_AOL-0178.jpg","","","Woahink Lake"
"17100207000081","1587","photos/DEQ_AOL-0180.jpg","","","Woahink Lake"
"17100207000081","1588","photos/DEQ_AOL-0222.jpg","1989-08-01","","Woahink Lake"
"17100207000081","1589","photos/DEQ_AOL-0223.jpg","1989-08-01","","Woahink Lake"
"17100207000081","1590","photos/DEQ_AOL-0224.jpg","1989-08-01","Mark Sytsma","Woahink Lake"
"17100207000081","1591","photos/DMJ_Woahink_1983_dan.jpg","","Dan Johnson","Woahink Lake"
"17100207000081","1592","photos/DRL_IMG_0231.JPG","2008-06-29","R Lycan","Woahink Lake  NW arm view of bridge"
"17100207000081","1593","photos/DRL_IMG_0232.JPG","2008-06-29","R Lycan","Woahink Lake state park view to E of landslide"
"17100207000081","1594","photos/DRL_IMG_0233.JPG","2008-06-29","R Lycan","Woahink Lake state park view of dock"
"17100207000081","1595","photos/DRL_IMG_0234.JPG","2008-06-29","R Lycan","Woahink Lake state park view of shoreline homes"
"17100207000081","1596","photos/DRL_IMG_0235.JPG","2008-06-29","R Lycan","Woahink Lake state park view of shoreline homes"
"17100207000081","1597","photos/DRL_IMG_0236.JPG","2008-06-29","R Lycan","Woahink Lake state park view of shoreline homes"
"17100207000081","1598","photos/DRL_IMG_0237.JPG","2008-06-29","R Lycan","Woahink Lake NW arm view to S"
"17100207000081","1578","photos/DEL_IMG_0017.JPG","2008-06-29","E Lycan","Woahink Lake from state park"
"17100207000081","1579","photos/DEQ_AOL-0013.jpg","1985-01-01","Dan Johnson","Woahink Lake"
"17100207000081","1585","photos/DEQ_AOL-0020.jpg","1985-01-01","Doug Larson","Woahink Lake"
"17100207000081","1577","photos/DEL_IMG_0016.JPG","2008-06-29","E Lycan","Woahink Lake from state park"
"17100207000081","1581","photos/DEQ_AOL-0015.jpg","1985-01-01","Doug Larson","Woahink Lake"
"17100207000081","1582","photos/DEQ_AOL-0016.jpg","1985-01-01","Doug Larson","Woahink Lake"
"17100207000081","1583","photos/DEQ_AOL-0018.jpg","1985-01-01","Doug Larson","Woahink Lake"
"17100207000081","1584","photos/DEQ_AOL-0019.jpg","1985-01-01","Doug Larsen",""
"17100207000081","1580","photos/DEQ_AOL-0014.jpg","1985-01-01","Doug Larson","Woahink Lake"
"17100307007004","1561","photos/DEQ_AOL-0003.jpg","1982-07-14","Dan Johnson","Agate Reservoir"
"17100307007004","1566","photos/DRL_IMG_0205.JPG","2008-06-22","R Lycan","Agate Reservoir control structure, dam"
"17100307007004","1565","photos/DRL_IMG_0204.JPG","2008-06-22","R Lycan","Agate Reservoir"
"17100307007004","1564","photos/DRL_IMG_0203.JPG","2008-06-22","R Lycan","Agate Reservoir looking toward Mt McLoughlin"
"17100307007004","1563","photos/DRL_IMG_0202.JPG","2008-06-22","R Lycan","Agate Reservor view of dam"
"17100307007004","1562","photos/DEQ_AOL-0058.jpg","1982-07-14","","Agate Lake"
"17050108001505","1738","photos/DRL_IMG_0418.JPG","2009-05-06","R Lycan","Antelope Reservoir"
"17050108001505","1736","photos/DEQ_AOL-0142.jpg","1982-06-27","Dan Johnson","Antelope Reservoir"
"17050108001505","1735","photos/DEQ_AOL-0141.jpg","1982-06-27","Dan Johnson","Antelope Reservoir"
"17050108001505","1737","photos/DRL_IMG_0417.JPG","2009-05-06","R Lycan","Antelope Reservoir"
"17100309003967","1602","photos/DRL_IMG_0157.JPG","2008-06-22","R Lycan","Applegate"
"17100309003967","1599","photos/DEQ_AOL-0008.jpg","1982-07-12","Dan Johnson","Applegate Reservoir"
"17100309003967","1600","photos/DRL_IMG_0155.JPG","2008-06-22","R Lycan","Applegate"
"17100309003967","1601","photos/DRL_IMG_0156.JPG","2008-06-22","R Lycan","Applegate Reservoir"
"17100309003967","1603","photos/DRL_IMG_0158.JPG","2008-06-22","R Lycan","Applegate"
"17100309003967","1604","photos/DRL_IMG_0159.JPG","2008-06-22","R Lycan","Applegate"
"17100309003967","1605","photos/DRL_IMG_0160.JPG","2008-06-22","R Lycan","Applegate"
"17100309003967","1606","photos/DRL_IMG_0161.JPG","2008-06-22","R Lycan","Applegate"
"17070306002015","1774","photos/DEQ_AOL-0164.jpg","1982-08-19","Dan Johnson","Badger Lake from Cirque Ridge"
"17070306002015","1775","photos/DMJ_Badger_1982_Steve.jpg","1982-08-19","S Lucker","Badger Lake"
"17090004001067","1814","photos/DEQ_AOL-0065.jpg","1981-09-29","Dan Johnson","Big Lake"
"17090004001067","1815","photos/DMJ_Big_1982_Steve.jpg","","S Lucker","Big Lake"
"17070301000835","1768","photos/DMJ_Blue-santiam_1987_dan.jpg","","Dan Johnson","Santiam Lake"
"17070301000835","1769","photos/DMJ_Blue_1987_dan.jpg","","Dan Johnson","Blue Lake"
"17070301000835","1767","photos/DEQ_AOL-0063.jpg","1982-07-12","","Blue Lake"
"17050118002409","1734","photos/DEQ_AOL-0144.jpg","1982-06-25","Dan Johnson","Bully Creek Reservoir"
"17120004002775","1746","photos/DRL_IMG_0318.JPG","2008-07-16","R Lycan","Chickahominy Reservoir view of pelicans"
"17120004002775","1747","photos/DRL_IMG_0319.JPG","2008-07-16","R Lycan","Chickahominy Reservoir view of pelican"
"17120004002775","1748","photos/DRL_IMG_0320.JPG","2008-07-16","R Lycan","Chickahominy Reservoir wind shelter for picknickers"
"17120004002775","1749","photos/DRL_IMG_0321.JPG","2008-07-16","R Lycan","Chickahominy Reservoir informational sign"
"17120004002775","1744","photos/DEQ_AOL-0210.jpg","1982-06-21","Dan Johnson","Chickahominy Reservoir"
"17120004002775","1745","photos/DRL_IMG_0317.JPG","2008-07-16","R Lycan","Chickahominy Reservoir view from campground to NW"
"17100304000652","1418","photos/DEL_IMG_0050.JPG","2008-06-29","E Lycan","Elear Lake"
"17090004007099","1825","photos/DEQ_AOL-0062.jpg","1982-07-22","","Clear Lake"
"17070306002028","1776","photos/DEQ_AOL-0069.jpg","1985-01-01","","Clear Lake"
"17100207000080","1526","photos/DEQ_AOL-0026.jpg","1978-11-01","Doug Larsen","Cleawox Lake"
"17100207000080","1527","photos/DEQ_AOL-0027.jpg","1990-08-01","Doug Larson","Cleawox Lake"
"17100207000080","1528","photos/DEQ_AOL-0204.jpg","1982-08-16","Dan Johnson","Cleawox Lake"
"17100207000080","1531","photos/DRL_IMG_0228.JPG","2008-06-29","R Lycan","Cleawox Lake E shore view to W"
"17100207000080","1530","photos/DRL_IMG_0227.JPG","2008-06-29","R Lycan","Cleawox Lake  kayak s on shore"
"17100207000080","1529","photos/DMJ_Cleawox01_1985_dan.jpg","","Dan Johnson","Cleawox Lake"
"17100207000080","1523","photos/DEL_IMG_0015.JPG","2008-06-29","E Lycan","Cleawox Lake"
"17100207000080","1522","photos/DEL_IMG_0014.JPG","2008-06-29","E Lycan","Cleawox Lake"
"17100207000080","1521","photos/DEL_IMG_0013.JPG","2008-06-29","E Lycan","Cleawox Lake"
"17100207000080","1525","photos/DEQ_AOL-0023.jpg","1982-08-16","Dan Johnson","Cleawox Lake"
"17100207000080","1533","photos/DRL_IMG_0230.JPG","2008-06-29","R Lycan","Cleawox Lake E shore view to W"
"17100207000080","1520","photos/DEL_IMG_0012.JPG","2008-06-29","E Lycan","Cleawox Lake"
"17100207000080","1532","photos/DRL_IMG_0229.JPG","2008-06-29","R Lycan","Cleawox Lake boat rental concession"
"17100207000080","1524","photos/DEQ_AOL-0022.jpg","1990-08-01","Doug Larson","Cleawox Lake"
"17080006006562","1792","photos/DEQ_AOL-0048.jpg","1980-04-01","","Coffenbury Lake"
"17080006006562","1791","photos/DEQ_AOL-0044.jpg","1980-04-01","","Coffenbury  and Crabapple Lakes"
"17070103003760","1991","photos/DEQ_AOL-0211.jpg","1982-09-10","Dan Johnson","Cold Springs Reservoir"
"17070103003760","1990","photos/DEQ_AOL-0153.jpg","1982-09-10","Dan Johnson","Cold Springs Reservoir"
"17100206000578","2002","photos/DEQ_AOL-0011.jpg","1985-01-01","Doug Larson","Collard Lake"
"17100206000578","2003","photos/DEQ_AOL-0012.jpg","1985-01-01","Doug Larson","Collard Lake"
"17100301005078","1466","photos/DRL_IMG_0125.JPG","2008-06-21","R Lycan","Cooper Creek Reservoir informational sign re mercury hazard"
"17100301005078","1463","photos/DRL_IMG_0122.JPG","2008-06-21","R Lycan","Cooper Creeek Reservoir informational sign showing fish species"
"17100301005078","1464","photos/DRL_IMG_0123.JPG","2008-06-21","R Lycan","Cooper Creeek Reservoir informational sign"
"17100301005078","1465","photos/DRL_IMG_0124.JPG","2008-06-21","R Lycan","Cooper Creeek Reservoir boat launch area"
"17100301005078","1467","photos/DRL_IMG_0126.JPG","2008-06-21","R Lycan","Cooper Creek Reservoir fisherman"
"17100301005078","1468","photos/DRL_IMG_0127.JPG","2008-06-21","R Lycan","Cooper Creek Reservoir upper end"
"17100301005078","1469","photos/DRL_IMG_0128.JPG","2008-06-21","R Lycan","Cooper Creek Reservoir boat dock"
"18020001001157","1727","photos/DRL_IMG_0385.JPG","2008-07-18","R Lycan","Cottonwood Meadows Reservoir from NW side view to SW"
"18020001001157","1724","photos/DRL_IMG_0382.JPG","2008-07-18","R Lycan","Cottonwood Meadows Lake view from NW side to SE"
"18020001001157","1725","photos/DRL_IMG_0383.JPG","2008-07-18","R Lycan","Cottonwood Meadows Reservoir NW side view to S"
"18020001001157","1726","photos/DRL_IMG_0384.JPG","2008-07-18","R Lycan","Cottonwood Meadows Reservoir from NE side view to S"
"17050116008513","1739","photos/DEQ_AOL-0130.jpg","1982-06-23","Dan Johnson","Cottonwood Reservoir"
"17100306000356","1432","photos/DRL_IMG_0278.JPG","2008-06-29","R Lycan","New River informational sign"
"17100306000356","1430","photos/DEL_IMG_0042.JPG","2008-06-29","E Lycan","New River informational sign"
"17100306000356","1431","photos/DEQ_AOL-0007.jpg","1982-08-01","Andy Schaedel","Croft Lake"
"17120007341605","1646","photos/DEQ_AOL-0004.jpg","1982-07-04","Dan Johnson","Crump Lake"
"17120007341605","1647","photos/DMJ_Crump_1982_FC.jpg","1982-07-04","Field Crew","Crump Lake"
"17120007341605","1648","photos/DRL_IMG_0341.JPG","2008-07-17","R Lycan","N of Pelican Lake"
"17120007341605","1649","photos/DRL_IMG_0342.JPG","2008-07-17","R Lycan","S part of Crump Lake looking SE"
"17120007341605","1651","photos/DRL_IMG_0344.JPG","2008-07-17","R Lycan","View SE toward Crump Lake"
"17120007341605","1650","photos/DRL_IMG_0343.JPG","2008-07-17","R Lycan","Sign for basin and range birding trial"
"17120004001271","1742","photos/DEQ_AOL-0123.jpg","1982-06-20","Dan Johnson","Delintment Lake"
"17120004001271","1741","photos/DEQ_AOL-0122.jpg","1982-06-20","Dan Johnson","Delintment Lake"
"17070301005429","1386","photos/DEQ_AOL-0085.jpg","1982-08-15","Dan Johnson","Devils Lake"
"17090001001051","1401","photos/DEQ_AOL-0060.jpg","1981-08-14","Dan Johnson","Dexter Lake"
"18020001001198","1723","photos/DRL_IMG_0366.JPG","2008-07-17","R Lycan","Dog Lake from center looking E"
"18020001001198","1721","photos/DRL_IMG_0364.JPG","2008-07-17","R Lycan","Dog Lake from N end looking S"
"18020001001198","1720","photos/DEQ_AOL-0131.jpg","1982-07-06","Dan Johnson","Dog Lake"
"18020001001198","1722","photos/DRL_IMG_0365.JPG","2008-07-17","R Lycan","Dog Lake from N end looking S"
"17070301000865","1366","photos/DEQ_AOL-0071.jpg","1982-08-15","","Doris Lake"
"18020001001188","1715","photos/DRL_IMG_0360.JPG","2008-07-17","R Lycan","Drews Reservoir boat launch"
"18020001001188","1713","photos/DEQ_AOL-0132.jpg","1982-07-05","Dan Johnson","Drews Reservoir"
"18020001001188","1719","photos/DRL_IMG_0386.JPG","2008-07-18","R Lycan","Drews Reservoir from NE side looking SW from OR 140"
"18020001001188","1718","photos/DRL_IMG_0363.JPG","2008-07-17","R Lycan","Drews Reservoir informational sign"
"18020001001188","1717","photos/DRL_IMG_0362.JPG","2008-07-17","R Lycan","Drews Reservoir view N past boat ramp"
"17060105000776","1891","photos/DEQ_AOL-0162.jpg","1982-09-09","Dan Johnson","Glacier Lake"
"18020001001188","1716","photos/DRL_IMG_0361.JPG","2008-07-17","R Lycan","Drews Reservoir S end looking toward dam"
"18020001001188","1714","photos/DEQ_AOL-0133.jpg","","Dan Johnson","Drews Reservoir"
"17100205005490","1843","photos/DRL_IMG_0294.JPG","2008-06-30","R Lycan","Eckman Lake Nelson State Park sign"
"17100205005490","1836","photos/DEL_IMG_0054.JPG","2008-06-30","E Lycan","Eckman Lake"
"17100205005490","1837","photos/DEL_IMG_0055.JPG","2008-06-30","E Lycan","Eckman Lake"
"17100205005490","1838","photos/DEL_IMG_0056.JPG","2008-06-30","E Lycan","Eckman Lake"
"17100205005490","1839","photos/DEQ_AOL-0010.jpg","1983-03-01","Andy Schaedel","Eckman Lake"
"17100205005490","1840","photos/DRL_IMG_0291.JPG","2008-06-30","R Lycan","Eckman Lake"
"17100205005490","1841","photos/DRL_IMG_0292.JPG","2008-06-30","R Lycan","Eckman Lake"
"17100205005490","1842","photos/DRL_IMG_0293.JPG","2008-06-30","R Lycan","Eckman Lake"
"17100304000654","1442","photos/DEL_IMG_0049.JPG","2008-06-29","E Lycan","Eel Lake"
"17100304000654","1441","photos/DEL_IMG_0035.JPG","2008-06-29","E Lycan","Loon Lake at Tugman State Park"
"17100304000654","1447","photos/DRL_IMG_0266.JPG","2008-06-29","R Lycan","Eel Lake state park pier fishing activities"
"17100304000654","1440","photos/DEL_IMG_0034.JPG","2008-06-29","E Lycan","Eel Lake at Tugman State Park"
"17100304000654","1446","photos/DRL_IMG_0265.JPG","2008-06-29","R Lycan","Eel Lake state park dock"
"17100304000654","1445","photos/DRL_IMG_0264.JPG","2008-06-29","R Lycan","Eel Lake state park dock"
"17100304000654","1444","photos/DRL_IMG_0263.JPG","2008-06-29","R Lycan","Eel Lake W side informational sign"
"17100304000654","1443","photos/DEQ_AOL-0009.jpg","1983-03-01","Andy Schaedel","Eel Lake"
"17050201000977","1883","photos/DEQ_AOL-0124.jpg","1982-07-29","Dan Johnson","Fish Lake"
"17100302001314","1417","photos/DMJ_Fish-Umpqua_1982_Steve.jpg","","Steve Lucker","Fish Lake"
"17100302001314","1416","photos/DEQ_AOL-0101.jpg","1982-07-29","Dan Johnson","Fish Lake"
"17120003000620","1751","photos/DMJ_Fish-Steens_1982_FC.jpg","1982-07-01","Field Crew","Fish Lake"
"17100307001170","1422","photos/DRL_IMG_0195.JPG","2008-06-22","R Lycan","Fish Lake"
"17100307001170","1419","photos/DRL_IMG_0192.JPG","2008-06-22","R Lycan","Lake of the Woods swimming area"
"17100307001170","1420","photos/DRL_IMG_0193.JPG","2008-06-22","R Lycan","Fish Lake"
"17100307001170","1421","photos/DRL_IMG_0194.JPG","2008-06-22","R Lycan","Fish Lake"
"17100307001170","1423","photos/DRL_IMG_0196.JPG","2008-06-22","R Lycan","Fish Lake"
"17100307001170","1424","photos/DRL_IMG_0197.JPG","2008-06-22","R Lycan","Fish Lake"
"17100306000371","1403","photos/DEL_IMG_0044.JPG","2008-06-29","E Lycan","Floras Lake informational sign"
"17100306000371","1408","photos/DRL_IMG_0280.JPG","2008-06-29","R Lycan","Floras  Lake informational sign"
"17100306000371","1409","photos/DRL_IMG_0281.JPG","2008-06-29","R Lycan","Floras Lake informational sign"
"17100306000371","1410","photos/DRL_IMG_0282.JPG","2008-06-29","R Lycan","Floras Lake"
"17100306000371","1411","photos/DRL_IMG_0283.JPG","2008-06-29","R Lycan","Floras Lake"
"17100306000371","1412","photos/DRL_IMG_0284.JPG","2008-06-29","R Lycan","Floras Lake"
"17100306000371","1413","photos/DRL_IMG_0285.JPG","2008-06-29","R Lycan","Floras Lake informational sign"
"17100306000371","1404","photos/DEL_IMG_0045.JPG","2008-06-29","E Lycan","Floras Lake"
"17100306000371","1402","photos/DEL_IMG_0043.JPG","2008-06-29","E Lycan","Floras  Lake with para sailing kites"
"17100306000371","1405","photos/DEL_IMG_0046.JPG","2008-06-29","E Lycan","Floras Lake informational sign"
"17100306000371","1406","photos/DEL_IMG_0047.JPG","2008-06-29","E Lycan","Floras Lake"
"17100306000371","1407","photos/DRL_IMG_0279.JPG","2008-06-29","R Lycan","Floras Lake"
"18010203000427","1705","photos/DEQ_AOL-0102.jpg","1982-07-15","Dan Johnson","Fourmile Lake"
"18010204002255","1684","photos/DRL_IMG_0380.JPG","2008-07-17","R Lycan","Gerber Reservoir N end view to east of boat dock"
"18010204002255","1681","photos/DRL_IMG_0377.JPG","2008-07-17","R Lycan","Gerber Reservoir from W side view to E"
"18010204002255","1680","photos/DRL_IMG_0376.JPG","2008-07-17","R Lycan","Gerber Reservoir W side looking toward dam"
"18010204002255","1679","photos/DRL_IMG_0375.JPG","2008-07-17","R Lycan","Gerber Reservoir from W side looking E"
"18010204002255","1678","photos/DRL_IMG_0374.JPG","2008-07-17","R Lycan","Gerber Reservoir from W side looking E"
"18010204002255","1677","photos/DRL_IMG_0373.JPG","2008-07-17","R Lycan","Willow Valley Reservoir from SW end looking NE"
"18010204002255","1676","photos/DEQ_AOL-0134.jpg","1982-07-06","Dan Johnson","Gerber Reservoir"
"18010204002255","1683","photos/DRL_IMG_0379.JPG","2008-07-17","R Lycan","Gerber Reservor N end looking SE"
"18010204002255","1685","photos/DRL_IMG_0381.JPG","2008-07-17","R Lycan","Gerber Reservoir N end view to S along dried up channel"
"18010204002255","1682","photos/DRL_IMG_0378.JPG","2008-07-17","R Lycan","Gerber Reservoir informational sign"
"17060105000776","1888","photos/DEQ_AOL-0112.jpg","1982-09-09","Dan Johnson","Glacier Lake"
"17060105000776","1890","photos/DEQ_AOL-0119.jpg","","",""
"17060105000776","1889","photos/DEQ_AOL-0113.jpg","1982-09-09","Dan Johnson","Glacier Lake"
"17060105000776","1887","photos/DEQ_AOL-0111.jpg","1982-09-09","Dan Johnson","Glacier Lake"
"17060105000776","1892","photos/DMJ_Glaceir_82_Dan.jpg","1982-09-09","Dan Johnson","Glacier Lake"
"17090001001110","1396","photos/DEQ_AOL-0086.jpg","1982-07-18","Dan Johnson","Gold Lake"
"18010203000446","1669","photos/DEQ_AOL-0106.jpg","1982-08-12","Dan Johnson","Harriette Lake"
"17120007341479","1638","photos/DRL_IMG_0345.JPG","2008-07-17","R Lycan","Hart Lake"
"17120007341479","1645","photos/DRL_IMG_0352.JPG","2008-07-17","R Lycan","discard"
"17120007341479","1644","photos/DRL_IMG_0351.JPG","2008-07-17","R Lycan","Hart Lake view S from N end of lake"
"17120007341479","1643","photos/DRL_IMG_0350.JPG","2008-07-17","R Lycan","Warner wetlands ACEC sign"
"17120007341479","1642","photos/DRL_IMG_0349.JPG","2008-07-17","R Lycan","Deer along road near Hart Lake"
"17120007341479","1641","photos/DRL_IMG_0348.JPG","2008-07-17","R Lycan","Deer along road near Hart Lake"
"17120007341479","1640","photos/DRL_IMG_0347.JPG","2008-07-17","R Lycan","Hart Lake"
"17120007341479","1639","photos/DRL_IMG_0346.JPG","2008-07-17","R Lycan","Hart Lake"
"18010203000410","1666","photos/DEQ_AOL-0104.jpg","1982-08-10","Dan Johnson","Heavenly Twin Lake"
"18010203000410","1667","photos/DEQ_AOL-0173.jpg","","","Lake Notasha (foreground) and Elizabeth Lake (background)"
"17070301000863","1388","photos/DEQ_AOL-0087.jpg","1981-08-21","Dan Johnson","Hosmer Lake"
"17070301000863","1389","photos/DMJ_Hosmer_1982.jpg","1981-08-21","","Hosmer Lake"
"18010206001001","1695","photos/DRL_IMG_0178.JPG","2008-06-22","R Lycan","Hyatt Lake"
"18010206001001","1693","photos/DRL_IMG_0176.JPG","2008-06-22","R Lycan","Hyatt Lake"
"18010206001001","1694","photos/DRL_IMG_0177.JPG","2008-06-22","R Lycan","Hyatt Lake"
"18010206001001","1696","photos/DRL_IMG_0179.JPG","2008-06-22","R Lycan","Hyatt Lake"
"17100307001161","1415","photos/DEQ_AOL-0105.jpg","1982-08-11","Dan Johnson","Island Lake"
"17070301000866","1368","photos/DMJ_Lava_1989_dan.jpg","","Dan Johnson","Lava Lake"
"17070301000866","1367","photos/DMJ_Lava_1989-dan.jpg","","Dan Johnson","Lava Lake"
"17100301001010","1414","photos/DEQ_AOL-0061.jpg","1982-08-22","","Lemolo Lake"
"17090004021354","1802","photos/DEQ_AOL-0068.jpg","1982-07-22","Dan Johnson","Linton Lake"
"17100303001115","1509","photos/DRL_IMG_0256.JPG","2008-06-29","R Lycan","Loon Lake N end dock at BLM campsite"
"17100303001115","1511","photos/DRL_IMG_0258.JPG","2008-06-29","R Lycan","Loon Lake N end view of macrophytes"
"17100303001115","1512","photos/DRL_IMG_0259.JPG","2008-06-29","R Lycan","Loon Lake N end view of informational sign"
"17100303001115","1513","photos/DRL_IMG_0260.JPG","2008-06-29","R Lycan","Loon Lake SE end view to NW"
"17100303001115","1514","photos/DRL_IMG_0261.JPG","2008-06-29","R Lycan","Loon Lake SE end view to NW"
"17100303001115","1515","photos/DRL_IMG_0262.JPG","2008-06-29","R Lycan","Loon Lake N end  landslide dam below lake"
"17100303001115","1503","photos/DEL_IMG_0029.JPG","2008-06-29","E Lycan","Loon Lake informational sign showing fish species in lake"
"17100303001115","1504","photos/DEL_IMG_0030.JPG","2008-06-29","E Lycan","Loon Lake informational sign showing wildlife"
"17100303001115","1505","photos/DEL_IMG_0031.JPG","2008-06-29","E Lycan","Loon Lake at BLM campsite"
"17100303001115","1506","photos/DEL_IMG_0032.JPG","2008-06-29","E Lycan","Loon Lake informational sign on geology"
"17100303001115","1507","photos/DEL_IMG_0033.JPG","2008-06-29","E Lycan","Loon Lake swimming beach at BLM campsite"
"17100303001115","1508","photos/DRL_IMG_0255.JPG","2008-06-29","R Lycan","Loon Lake N end BLM campsite"
"17100303001115","1510","photos/DRL_IMG_0257.JPG","2008-06-29","R Lycan","Loon Lake N end swimming area at BLM campsite"
"18010204002206","1652","photos/DEQ_AOL-0135.jpg","1982-07-11","Dan Johnson","Lost River Reservoir"
"18010204002206","1653","photos/DMJ_Lost-River-Res_1982.jpg","1982-07-11","","Lost River Reservoir"
"17090001001076","1397","photos/DEQ_AOL-0072.jpg","1982-08-03","","Lower Eddeeleo Lake"
"17100203000738","1845","photos/DEQ_AOL-0041.jpg","1980-03-01","","Lytle and Crescent Lakes"
"17100203000738","1844","photos/DEQ_AOL-0038.jpg","1980-04-01","","Spring and Smith Lakes"
"17070201001692","1992","photos/DEQ_AOL-0125.jpg","1982-07-27","Dan Johnson","Magone Lake"
"17050119001844","1886","photos/DEQ_AOL-0147.jpg","1982-07-27","Dan Johnson","Malheur Reservoir"
"17120009001467","1750","photos/DEQ_AOL-0156.jpg","1982-06-28","Dan Johnson","Mann Lake"
"17070301005181","1771","photos/DEQ_AOL-0076.jpg","1982-08-14","","Upper Green Lake"
"17070301005181","1770","photos/DEQ_AOL-0075.jpg","1982-08-14","","Middle Green Lake"
"17070301005181","1773","photos/DMJ_Green01_1975_Steve.jpg","","Steve Lucker","Green Lake"
"17070301005181","1772","photos/DEQ_AOL-0165.jpg","1982-08-14","Dan Johnson","Middle Green Lake"
"17060105000771","1983","photos/DEQ_AOL-0117.jpg","1982-09-08","Dan Johnson","Minam Lake"
"17060105000771","1982","photos/DEQ_AOL-0115.jpg","1982-09-08","Dan Johnson","Minam Lake"
"17060105000771","1984","photos/DEQ_AOL-0174.jpg","1982-09-08","Dan Johnson","Minam Lake"
"17060105000773","1985","photos/DEQ_AOL-0116.jpg","1982-09-08","Dan Johnson","Mirror Lake"
"17060105000773","1986","photos/DEQ_AOL-0118.jpg","1982-09-08","Dan Johnson","Mirror Lake"
"17060104001358","1893","photos/DEQ_AOL-0129.jpg","1982-07-31","Dan Johnson","Morgan Lake"
"17100304000655","1567","photos/DRL_IMG_0271.JPG","2008-06-29","R Lycan","Ten Mile Lake channel to N Ten Mile Lake"
"17100304000655","1568","photos/DRL_IMG_0272.JPG","2008-06-29","R Lycan","Ten Mile Lake channel to N Ten Mile Lake"
"17070301000908","1387","photos/DEQ_AOL-0093.jpg","1982-07-16","Dan Johnson","North Twin Lake"
"18010202003345","1668","photos/DEQ_AOL-0137.jpg","1982-07-08","Dan Johnson","Obenchain Reservoir"
"17100204005506","1828","photos/DEL_IMG_0059.JPG","2008-06-30","E Lycan","Olalla Reservoir"
"17100204005506","1826","photos/DEL_IMG_0057.JPG","2008-06-30","E Lycan","Olalla Reservoir"
"17100204005506","1827","photos/DEL_IMG_0058.JPG","2008-06-30","E Lycan","Olalla Reservoir informational sign"
"17100204005506","1831","photos/DRL_IMG_0295.JPG","2008-06-30","R Lycan","Olalla Reservoir"
"17100204005506","1830","photos/DEL_IMG_0061.JPG","2008-06-30","E Lycan","Olalla Reservoir informational sign"
"17100204005506","1829","photos/DEL_IMG_0060.JPG","2008-06-30","E Lycan","Olalla Reservoir"
"17100204005506","1833","photos/DRL_IMG_0297.JPG","2008-06-30","R Lycan","Olalla Reservoir dam and control structure"
"17100204005506","1834","photos/DRL_IMG_0298.JPG","2008-06-30","R Lycan","Olalla Reservoir"
"17100204005506","1832","photos/DRL_IMG_0296.JPG","2008-06-30","R Lycan","Olalla Reservoir"
"17070202005406","2000","photos/DEQ_AOL-0126.jpg","1982-07-27","Dan Johnson","Olive Lake"
"17070202005406","2001","photos/DEQ_AOL-0167.jpg","1982-07-27","Dan Johnson","Olive Lake"
"17090005000768","1805","photos/DEQ_AOL-0066.jpg","1982-07-11","","Pamelia Lake"
"17090005000768","1806","photos/DMJ_Pamelia_1982_dan.jpg","","Dan Johnson","Pamelia Lake"
"17070202001525","1993","photos/DEL_IMG_0073.JPG","2008-09-14","R Lycan","Penland Lake"
"17070202001525","1994","photos/DEL_IMG_0074.JPG","2008-09-14","R Lycan","Penland Lake"
"17070202001525","1995","photos/DEL_IMG_0075.JPG","2008-09-14","R Lycan","Penland Lake"
"17070202001525","1996","photos/DEL_IMG_0076.JPG","2008-09-14","R Lycan","Penland Lake"
"17070202001525","1997","photos/DEL_IMG_0077.JPG","2008-09-14","R Lycan","Penland Lake"
"17070202001525","1998","photos/DEL_IMG_0078.JPG","2008-09-14","R Lycan","Penland Lake"
"17070202001525","1999","photos/DEQ_AOL-0127.jpg","1982-07-26","Dan Johnson","Penland Lake"
"17100301005061","1486","photos/DEQ_AOL-0001.jpg","1982-09-21","Dan Johnson","Plat I Reservoir"
"17100301005061","1495","photos/DRL_IMG_0137.JPG","2008-06-21","R Lycan","Platte I Reservoir"
"17100301005061","1494","photos/DRL_IMG_0136.JPG","2008-06-21","R Lycan","Platte I Reservoir"
"17100301005061","1493","photos/DRL_IMG_0135.JPG","2008-06-21","R Lycan","Platte I Reservoir"
"17100301005061","1492","photos/DRL_IMG_0134.JPG","2008-06-21","R Lycan","Platte I Reservoir"
"17100301005061","1491","photos/DRL_IMG_0133.JPG","2008-06-21","R Lycan","Platte I Reservoir"
"17100301005061","1490","photos/DRL_IMG_0132.JPG","2008-06-21","R Lycan","Platte I Reservoir"
"17100301005061","1489","photos/DRL_IMG_0131.JPG","2008-06-21","R Lycan","Platte I Reservoir"
"17100301005061","1488","photos/DRL_IMG_0130.JPG","2008-06-21","R Lycan","Platte I Reservoir"
"17100301005061","1487","photos/DRL_IMG_0129.JPG","2008-06-21","R Lycan","Platte I Reservoir"
"17120008004578","1766","photos/DEQ_AOL-0159.jpg","1982-07-03","Dan Johnson","Rock Creek Reservoir"
"18010204002282","1671","photos/DMJ_Round-Valley-Res_1982.jpg","1982-08-02","","Round Valley Reservoir"
"17100304000659","1574","photos/DRL_IMG_0275.JPG","2008-06-29","R Lycan","Saunders Lake"
"17100304000659","1572","photos/DRL_IMG_0273.JPG","2008-06-29","R Lycan","Saunders Lake"
"17100304000659","1573","photos/DRL_IMG_0274.JPG","2008-06-29","R Lycan","Saunders Lake"
"17100304000659","1571","photos/DEQ_AOL-0017.jpg","1982-08-01","Andy Schaedel","Saunders Lake"
"17100304000659","1569","photos/DEL_IMG_0040.JPG","2008-06-29","E Lycan","Bradley Lake"
"17100304000659","1570","photos/DEL_IMG_0041.JPG","2008-06-29","E Lycan","Bradley Lake"
"17100304000659","1575","photos/DRL_IMG_0276.JPG","2008-06-29","R Lycan","Saunders Lake"
"17100304000659","1576","photos/DRL_IMG_0277.JPG","2008-06-29","R Lycan","Saunders Lake informational sign about transporting hydrilla"
"17100311011257","1501","photos/DRL_IMG_0153.JPG","2008-06-21","R Lycan","Lake Selmac"
"17100311011257","1502","photos/DRL_IMG_0154.JPG","2008-06-21","R Lycan","Lake Selmac"
"17100311011257","1500","photos/DRL_IMG_0152.JPG","2008-06-21","R Lycan","Lake Selmac"
"17100311011257","1499","photos/DRL_IMG_0151.JPG","2008-06-21","R Lycan","Lake Selmac"
"17100311011257","1498","photos/DRL_IMG_0150.JPG","2008-06-21","R Lycan","Lake Selmac"
"17100311011257","1497","photos/DRL_IMG_0149.JPG","2008-06-21","R Lycan","Lake Selmac"
"17070306011851","1785","photos/DEQ_AOL-0151.jpg","1982-06-18","Dan Johnson","Simtustus Lake"
"17080006006591","1789","photos/DEQ_AOL-0039.jpg","1979-10-01","","Smith Lake"
"17080006006591","1790","photos/DEQ_AOL-0045.jpg","1980-04-01","","Smith Lake"
"17070301000912","1375","photos/DEQ_AOL-0095.jpg","1982-07-19","Dan Johnson","South Twin Lake"
"17070301005459","1394","photos/DEQ_AOL-0090.jpg","1982-07-20","","Sparks Lake"
"17070301005459","1393","photos/DEQ_AOL-0089.jpg","1982-07-20","Dan Johnson","Sparks Lake"
"17100309000673","1607","photos/DRL_IMG_0162.JPG","2008-06-22","R Lycan","Squaw Lakes control structure dam"
"17100309000673","1609","photos/DRL_IMG_0164.JPG","2008-06-22","R Lycan","Squaw Lakes"
"17100309000673","1614","photos/DRL_IMG_0169.JPG","2008-06-22","R Lycan","Squaw Lakes floating vegetation"
"17100309000673","1613","photos/DRL_IMG_0168.JPG","2008-06-22","R Lycan","Squaw Lakes swimmer"
"17100309000673","1608","photos/DRL_IMG_0163.JPG","2008-06-22","R Lycan","Squaw Lakes man inflatable kayak"
"17100309000673","1610","photos/DRL_IMG_0165.JPG","2008-06-22","R Lycan","Squaw Lakes view below dam"
"17100309000673","1611","photos/DRL_IMG_0166.JPG","2008-06-22","R Lycan","Squaw Lakes outlet culvert"
"17100309000673","1612","photos/DRL_IMG_0167.JPG","2008-06-22","R Lycan","Squaw Lakes picknicking"
"17070201001696","1987","photos/DEQ_AOL-0166.jpg","1982-08-27","Dan Johnson","Strawberry Lake"
"17070201001696","1988","photos/DMJ_Strawberry02_1982_FC.jpg","1982-08-27","Field Crew","Strawberry Lake"
"17070201001696","1989","photos/DMJ_Strawberry_1982_FC.jpg","1982-08-27","Field Crew","Strawberry Lake"
"18010204002341","1673","photos/DRL_IMG_0367.JPG","2008-07-17","R Lycan","Strawberry Reservoir - sign"
"18010204002341","1675","photos/DRL_IMG_0369.JPG","2008-07-17","R Lycan","Strawberry Reservoir from S end looking N"
"18010204002341","1672","photos/DEQ_AOL-0138.jpg","1982-07-06","Dan Johnson","Strawberry Reservoir"
"18010204002341","1674","photos/DRL_IMG_0368.JPG","2008-07-17","R Lycan","Strawberry Reservoir from N end looking SW"
"17120005004769","1630","photos/DEQ_AOL-0157.jpg","1983-04-01","Dan Johnson","Summer Lake"
"17120005004769","1631","photos/DEQ_AOL-0158.jpg","1982-08-09","Dan Johnson","Summer Lake"
"17070302001212","1369","photos/DEQ_AOL-0091.jpg","1982-07-17","Dan Johnson","Summit Lake"
"17100201000712","1874","photos/DEQ_AOL-0040.jpg","1978-10-01","","Sunset and Slusher Lakes"
"17050203006118","1884","photos/DEQ_AOL-0154.jpg","1982-07-30","Dan Johnson","Thief Valley Reservoir"
"17120005001399","1633","photos/DRL_IMG_0397.JPG","2008-07-18","R Lycan","Thompson Reservoir from NW side looking SE"
"17120005001399","1632","photos/DEQ_AOL-0139.jpg","1982-07-09","Dan Johnson","Thompson Valley Reservoir"
"17120005001399","1634","photos/DRL_IMG_0398.JPG","2008-07-18","R Lycan","Thompson Reservoir from NE side looking S"
"17120005001399","1635","photos/DRL_IMG_0399.JPG","2008-07-18","R Lycan","Thompson Reservoir boat dock"
"17120005001399","1636","photos/DRL_IMG_0400.JPG","2008-07-18","R Lycan","Thompson Reservoir from NW side looking NE"
"17070301000853","1788","photos/DEQ_AOL-0074.jpg","1982-07-21","","Three Creeks Lake"
"17100207011137","1485","photos/DMJ_Threemile_1982.jpg","","","Threemile Lake"
"17070301000856","1392","photos/DMJ_Todd_1982_dan.jpg","1982-08-16","Dan Johnson","Todd Lake"
"17070301000856","1390","photos/DEQ_AOL-0081.jpg","1982-08-16","Dan Johnson","Todd Lake"
"17070301000856","1391","photos/DMJ_Todd02_1982_dan.jpg","1982-08-16","Dan Johnson","Todd Lake"
"17050108001493","1728","photos/DEQ_AOL-0145.jpg","1982-06-26","Dan Johnson","Upper Cow Lake"
"17050108001493","1730","photos/DMJ_Lower-CowCreek-Res_1982.jpg","1982-06-26","","Lower Cow Creek Reservoir"
"17050108001493","1729","photos/DEQ_AOL-0146.jpg","1982-06-26","Dan Johnson","Lower Cow Lake"
"17070301005246","1786","photos/DEQ_AOL-0092.jpg","1983-06-20","Dan Johnson","Upper Tumalo Reservoir"
"17100204000797","1835","photos/DEQ_AOL-0194.jpg","","","Valsetz Lake"
"17100307007018","1516","photos/DRL_IMG_0198.JPG","2008-06-22","R Lycan","Willow Lake"
"17100307007018","1518","photos/DRL_IMG_0200.JPG","2008-06-22","R Lycan","Willow Lake"
"17100307007018","1519","photos/DRL_IMG_0201.JPG","2008-06-22","R Lycan","Willow Lake"
"17100307007018","1517","photos/DRL_IMG_0199.JPG","2008-06-22","R Lycan","Willow Lake"
"18010204002588","1665","photos/DRL_IMG_0372.JPG","2008-07-17","R Lycan","Willow Valley Reservoir from SW side looking N"
"18010204002588","1664","photos/DRL_IMG_0371.JPG","2008-07-17","R Lycan","Willow Valley Reservoir from SW end looking NE"
"18010204002588","1663","photos/DEQ_AOL-0140.jpg","1982-07-07","Dan Johnson","Willow Valley Reservoir"
"17070301000874","1384","photos/DMJ_Winopee02__1983_Dan.jpg","","Dan Johnson","Winopee Lake"
"17070301000874","1381","photos/DEQ_AOL-0078.jpg","1982-10-10","","Winopee Lake"
"17070301000874","1382","photos/DEQ_AOL-0079.jpg","1982-10-10","","Winopee Lake"
"17070301000874","1385","photos/DMJ_Winopee__1983_Dan.jpg","","Dan Johnson","Winopee Lake"
"17070301000874","1383","photos/DEQ_AOL-0080.jpg","1982-10-10","","Winopee Lake"
"17100304000653","1496","photos/DEL_IMG_0051.JPG","2008-06-29","E Lycan","Clear Lake"
"17120003002211","1743","photos/DMJ_Boca_1982_FC.jpg","","Field Crew","Boca Lake"
"17060105000762","1980","photos/DEQ_AOL-0108.jpg","1982-09-08","Dan Johnson","Ice Lake"
"17060105000762","1981","photos/DEQ_AOL-0109.jpg","1982-09-08","Dan Johnson","Ice Lake"
"17120007341785","1637","photos/DMJ_Pelican_1982_FC.jpg","","Field Crew","Pelican Lake"
"17070301000838","642","photos/DSCN2371.JPG","2016-05-13","John Coffey","View from south shoreline of Island Lake looking north to Three Fingered Jack Mountain"
"17090001001136","643","photos/FullSizeRender.jpg","2010-09-15","John Coffey","View from the north shore of Indigo Lake looking toward Sawtooth Mountain"
"17070304003841","644","photos/DSCN1933.JPG","2014-05-14","John Coffey","View of Antelope Flats Reservoir looking east from the boat launch "
"17070304003841","645","photos/DSCN1941.JPG","2014-05-14","John Coffey","View from Antelope Flats Reservoir looking west towards the boat launch and dam"
